ID,Sequence
c0,MDCKSWAAGKVQREVMMEKLRNIGIFAHVDAGKTTLSEQMLLKAGTIRTLGSVDRGTAHTDSLEVERRRGISVKASCVRLNWKGFRLNLIDTPGHTDFSAEIEQSMWALDGAVLVICGVEGVQPQTELLFEAFQRNGMPAVLFLNKMDRPGADAQQVLRQIRRRMSPHAALLTDPEDMLETLADLDEEIMQRYMDGEEIPENEIRARFTAFALEGKAFPVLTGSALQGEGIEDVLDAIVSFLPPPQEQEARLSGVVFASTQDKILGRGLWVRLYGGSLSARQSVDLPGRLDPVTGERAMVAQKISQIRDVDGKDTGLLQAGEIGILYGLGHVRVGHTLGGEEALPRRIRPGAFRTPLLMVKAEPEDPGQMEALRKAADELSEEDPLLQAEYSRSLGELRFHVMGTIQQEILEDTLRSRYQLNVRFSKPAVMYRETIEHATIGFAAYTMPKPCWAVMKFEISPAKRGSGVSYHSEVPSRLIADGYQHQIEQALPLALKQGRLGWPVTDLDIVLVDGNHHQFHTHPLDFIVATPWAIQDGLKRGGSVLLEPILEIRFLLPPECVGRVMSDVAGMRGSVTDTQADAERVTLTALVPLAESMDYATTLATLTGGRGGMSVRLHGYEPCPKELGKECPRRGVDPLDTSRYILAARSALEGGIFDLD
c1,MLHVSGSIAEAGNVDKGTSLSDTLDVERRRGISVRASTLSFVWQNVHFQLIDTPGHVDFSAEVERSLRVLDGAVLVVCAAEGIQAQTETIWRALEARGLPVLLFVNKIDRVGADAGAVVEQMRSEFHPDMVWLNRATEEGDGGARVVELDESQRREIEEAVTASDEALLETWIARDGDLTPQDWQPSLAGAVADRRLFPVICGAAKSGHGVAAALETLVRYFPDAPDDVAGPLSAVVFRLDHDRKLGRVAGVRLFAGRLRTRDRIDNATAGRQEQVTQIKRIVLGRYEDAPELVAGEIGYLCGLPEARIGDILGDPTVVPGGYTLSAPLLSVQVTPADDAGHASLAAALQQLSSEDPHLDFRWFQDERELHVRIMGAVQTEILTEILQTRFGIEAQFSPPTVIYKERPAAAGEGAEAYTMPKPCWAILTLRIESGPRDSGVRFASTVDKIDIDPKYQNEIAHRLPHSLMQGPKGWEVTDLSITLIDGSHHLIHSRPGDFKLATDMAVLKALTATDTQLLEPMLTFRITAPESFIGKVTGDVIGMRGTFEPATIAAGQFAMVGRVPLATSMDYAIRLSSVTGGRGVWFTRFDGYEDCPPDQGETRPHKGISPLDRAKYILWWRGAITDSTRG
c2,MKIMNIGILAHVDAGKTTLTESMLYVSGTIAESGRVDRGSTITDSMALEKQRGITIQASIASYQWSHVKINLIDTPGHIDFYSEVERSLNVLDGAILLISAKDGIQAQTRILFDAIRKRKLPALIFINKIDQPDIDLDSLYEDIRAKLSSHILIMQSITNGISLLPKTLNPLSEEFKDTIIETDDALLKKYVMDQPITAEELLESRRKNINDGTLLPVYHGSALKHIGTKELMDAILMEFSPFIPAPDSNLAALVYKVERDDNRNKRTYMRIFGGSIKSRDVLTLQDHSDNIKIKKLETSSNGKIVETEKVECGDIAIFPNEMRLKIGDSIGTIPERNLILHNNNLIMQANISPVLSSDRTFLLEALSELAETDPLLQYKLDSRSNDIIMEFLGKVQMEVIVSLLQNRYHLQVKIENVTTIYKERPLKKADFTAHIEVAPNPFWASIGLSIEPLPIGTGLRYESKVSYGYLNKSFQNAVEEGVRYGCEQGLYGWEVTDLKVCFEYGVYYSPVSTPADFRHLAPIVFEQALKQSGTELLEPCLSFELYVPQDCNARVYNDLKKFHADIVSIKTQHNEIVVSGKIPARTSQFYKEQLSELTKGRGVFLTERAGYQQNTGEIFTQARKPDDRLDKTRHLFDKAYDEIGNEGHQSGMKFM
c3,MPFLAVNGGRHMKIINIGILAHVDAGKTTLTESLLYTSGAIMEPGSVDKGTTRTDSMALERQRKITIQAAVTSFRWKGYKVNLVDTPGHMDFLAEVHRSLSVLDGAILVVSAKDGVQAQTRVLFHALRKMKIPTIIFINKIDQSGVVLEQTYQNIREKLTEDMIVMQEVHFCSEIILSDVADFEKWDAVIAGNDDILEKYLSGVPLTLWELQKEIKRRVQRGTLFPVYHGSAKDNIGVKELLEVITEVFSLETDDSQSELCGYVFKIEYTEQKKRRCYLRLYSGTLCLRETILLSKKEKIKITEMSIPFDGEIVPTDTADSGEIVILSDNTLKLNDVLGDEKLLPRKAWTDNPLPFFRTTIEPIKAEQRGVLLDALTEIADTDPLLHFMIDSITHEIILSFLGKVQLEVVCSLLNEKYSVEVAIKEPTVIYLERPRKEAHYTIHIEVPPNPFWASIGLAVTPLPVGSGTEYESKVSLGYLNQSFQNAVMEGIRYGLEQGVYGWEVTDCRICFEYGVYYSPVSTPADFRFLAPVVLEQVLKKAGTQVLEPYLSFTLFAPQEYLSRAYHDAVKYDAVIETTSLKNNEAILTGEIPARRIGEYKSDLNFYTNGRSVCLTELKGYQETSGEPVVQPRRPNSRLDKVRHMFQKIM
c4,MKIMNIGILAHVDAGKTTLTESMLYTSGAIAKSGRVDSGSTITDSMTLEKQRGITIQASIASYQWNHVKINLIDTPGHIDFYSEVERSLNILDGVVLLISAKDGIQAQTRILYDAIKKKKLPAFIFINKIDQPGIDLELLYKDIKEKLASHILIMQSFKNDYTLSPKQVDRLSEEFRDTIIETDDALLEKFILDQSITPEELLISRRKNIINGKLLPIYHGSALKHIGTKELMDALLLEFQPYPLPTDSKLAALVYKIERDDHRNKRTYMRIFGGSIKARDVLIPEGHSDSIKIKKLETSCNGKIVETEKIECSDIAIFPNEAQLKIGDSIGAIPNSNLILHNHNLIMQANISPVFSSDRAFLLEALSELAETDPLLQYKLDSRSSDITMEFLGKVQMEVIAALLQSRYHLKVKIENVTTIYKERPLKKANFTAHIEIPPNPFWASIGLSIEPLPIGAGLYYESNVSYGYLNRSFQNAVEEGIRYGCEQGLYGWEVTDLKVIFEYGLYYSPVSTPADFRHLAPIVFEQALKQSGTELLEPCLSFELYVPQDCNARVYNDLKKFHADIESIKTKHHEIVVAGKIPARTSQLYKEQLSELTKGRGVFLTEQAGYQKNTGEIFTQARKPDDRLDKTRYMFDKACIGNEDTKM
c5,MGIPTLLVVNKVDRTGCDIPGVLEQLRQECTTRLLPAQQVEEAGSDSCQVLPLESFWEDALAWAADYDPELAEAYLEERPVPRERLLQALREGVAQRQVFPVLFASAKGGKGMEALLEGVVTLLPPACGQEGGALSAVVYQVDHDPAMGKAAHLRVFSGTLENRDSVPLPQGDGTQKITQIRRFYGQKAVDMGRLGPGEVGAVYGLSAVRAGDVLGEAPPRPACQLAVPLLQVQAFAQEPDKLPALVEALQELSQEDPLLDLEWVPESRELHLRITGKIQLEVLTERIQQRYGLAVSFSEPTVIYKETPASAAQGEEVYLAPKPCWAVVRLLVEPLPRGSGIQFESVIKEKELPYRYQNHVRQSLPEALRQGRKGWEVTDAKFTLIGGQHHHVHTHPLDFFVATPVAVQRALVNSGTLLLEPMVRVTLSAQEELLGKVIRDMVAMRGAFDTPILHQGTFTLEADLPVATSLDYPTAFRSMTSGKGVYASAFLGYQECPPGEGKEAPRRGVDPLDHAKWILAARSAMQ
c6,MKILNIGILAHVDAGKTTLTESMLYTSGTIAESGRVDSGSTITDSMALEKQRGITIQASIASYQWNNVKINLIDTPGHMDFYSEVERSLNILDGAILLISAKDSIQAQTRILFDAIKKRKLPTLIFINKIDQPDIDLDSLYKDIKEKLTSHILIMQRITNKSTLITSRPDQLTDEFRNIIIEGDEALLEKYVMDQPITTEELFMSRSKHMSNASLLPIYHGSALKHIGTKELMDGIVMEFQSYILQPDPNLSALVYKIERDDNRNKRTYMRIWGGTLRTRDVLKLKEHSDSIKIKKLEMSSNGKIVETDRVPCGDIAILPNEARCKIGDSIGTIPNNNNTILHNQNLIMQSNIAPVFPSDRARLLEALAELAETDPLLQYKLDSRSTDIIMEFLGKVQMEVILSLLQSRYHLSVKIENVTTIYKERPIKNAAFTAHIEVPPNPYWASIGLSIEPLPIGTGLCYESKVSYGYLNKSFQNAVEEGIRYGCKQGLYGWEVTDLKVCFEYGVYYSPVSTPADFRHLAPIVLEQAFRQSGTELLEPCLSFELYIPQDCNARVYNDLKKYHAEIESMKTQHNEIIVSGKIPARTSQLYKEQLSEFTNGRGVFLTELAGYQQNTGETFTQARKPDDRLDKTRHLFNKTYEEISK
c7,MKIINIGILAHVDAGKTTLTESLLYTSGAILELGSVDKGTTRTDTMFLERQRGITIQAAVTSFNWNGYKINIVDTPGHMDFLTEVYRSLSVLDGAVLVISAKDGVQAQTRILFHALQKMNIPTIIFINKIDQYGINLHNTYQNIKEKLSTDIIIMQNVTLTPEVSLENITDLEKWDAVIAGNDRLLEKYITGETLTVQELKQEEYEQVQKGSLFPIYHGSAKNNIGTQQLIEVISDIFCSEMDKSQSELCGSVFKIEYTDRKQRLAYLRLYSGTLHLRDTIILSEKKKMKLTEMYIPSNGEMIQTEIACSGDIVILPNDTLKLNDIVGNEKMLPCNAWNDNPVPMLRTMIEPIKPEQREYLLDALTEIADTDPLLRYYVDTITHEIIISFLGTVQLEVICSLLTEKYHIDINVKEPTVIYLEKPLQKADYTIHIEVPPNPFWASIGLSVTPLPIGSGIQYESKVSLGYLNQSFQNAVMDGIDYGLEQGLYGWKVTDCKICFEYGVYYSPVSTPADFRFLAPIVLEQVLKKTGTQLLEPYLSFTLSTPQEYLSRAYNDAPQYCAIIETSQPKNDEVIFTGHIPVRCISAYRNALTLYTNGQAVCLTELKGYQAAACEPVIQSRRPNSRIDKVRHMFNKKTEHLSNEA
c8,MKIINIGILAHVDAGKTTLTESLLYTSGAIEAPGSVDQGTTRTDTMFLERQRGITIQTAVTSFQWHDCKVNIVDTPGHMDFLAEVYRSLAILDGAILVVSAKDGVQAQTRILFHALQVMKIPTVIFINKIDQDGIDLPGVYQSIRDKLSANMIIKQNVQLSPDISIMENMGLENWDTVIADCDELLEKYIAGEPMDKEELLREENRRIQSVSLFPVYHGSAKVNLGIRQLIEAVTDTFQSPTGQNSSELCGTVFKVEYANQSQRLAYLRLYSGTLHLRDSVALAGKEKLKITEMRIPSKGEIVRTEIAHAGEIVIVPCDSLRLNDVLGNKLLLPRETWSDNPLPLLRTTIAPEKPEQRERLLNALTEIADTDPLLRYEVDAVTHEIILSFLGRVQLEIISDLLVEKYQLNTTAKEPTVIYMERPLKAVSHTIHIEVPPNPFWASIGLSVTPLPLGTGVQYESKVSVGYLNQSFQNAVLDGIRYGLEQGVYGWKVTDCKICFEYGLYYSPVSTPADFRSLAPIVLEQVLKKAGTQLLEPYLSFTLYAPQEYLSRAYHDAPKYCASIETTQVKNSEVIFTGEIPARCVQEYRNDLTFYTNGRSVCLTELKGYQIASGEPVFQPRRPNTRIDKVRHMFNKILPSMMDL
c9,MKVINIGILAHVDAGKTTLTESMLYTSGTITEPGRVDDGSTITDSMLLEKQRGITIQASIASFQWKDTKINLIDTPGHIDFFAEVERSLGILDGAILLISAKDGIQSQTRILFEAIKKIKIPTLIYINKIDQPGVNLESLYQDIREKLTPNIFVMQKVSMEKALSVKGIDMSSGEYKDMIIEANETLLEKYMLDQPISTEELHISRKQNVNNCNLFPVYHGSALKNIGTRELMDAFLLEFNPYISQITSKLSALVYKVERDDQLNKRTYIRIYEGSIKVRNAVMLEGRSEKIKIKKLLAPQNGKIVEVEQVESGDIAILPNESNLKIGDIIGSIPGKNLFFHNTHQMMQANISPISPEDRTSFLEALSELSETDPLLQYKLDSQTDIIVTFMGKIQMEVIIALLQNRYHLPTKLENITTIYKERPLKKAEYTVHMQVAPNPFWASIGLSIEPLPIGSGLCYESKVSYGYLNKSFQNAVEEGIKYGCEQGLFGWEVTDLKVCFEYCLYNPLSTPVDFRQLAPIVFEQALKKSGTELLQPCLSFELYVPQDCNSRVYSDLKKLWATIESLKTQHNEIIVTGKIPARTAQYYREQLTEFTEGRGVFLTEPAGYQLNDGEPVYQARKPNARLDKTRHLFEKFQEQKDG
c10,MKIINIGILAHVDAGKTTLTESLLYTSGAIIEPGSVDKGTTRTDSMALERQRGITIQAAVTSFHWKEYKVNLVDTPGHMDFLTEVYRSLSVLDGAILVVSAKDGVQAQTRVLFHALRKMKIPTIIFINKIDQEGFVPAQTYQNIREKLTEDMMVMQEVHLFSELTLSDVADFEKWDAVIAGNDDLLEKYLSGAPLTLRELQEEIKRRVQQGTFFPVYHGSAKENIGTKELLDVITDIFSSKTDNCQSELCGYVFKIEYTEQKKRRCYVRLYSGTLCLRETIFLQKKEKIKITEMSIPFKGEIVQTDTADSGEIVILSDNTLKLNDILGDEKLLPRKAWTDNPLPLLRTTIEPAKAEQREVLLDALTEIADTDPLLRFVIDPVTHEIILSFLGKVQLEVVCSLLNEKYCIEAEVKEPTVIYLERPRKEAHYTIHIEVPPNPFWASIGLAVTPLPAGSGTEYESKVSLGYLNQSFQNAVMEGIQYGLEQGVYGWEVTDCRICFEYGIYYSPVSTPSDFRFLAPIVLELALKKAGTQVLEPYLSFTLFAPQEYLSRAYHDAVKYDAVIETTSIKNNEAILTGEIPARRIGEYKSDLNFYTNGRSVCLTELKGYQETSGEPAVQPRRPNSRLDKVRHMFQKIM
c11,MKIINIGILAHVDAGKTTLTESLLYTSGAITELGSVDKGTTRTDTMALERQRGITIQAAVTSFDWKNYKINIVDTPGHMDFLAEVYRSLSVLDGAILVISAKDGVQAQTRVLFHALRKMKIPTIIFVNKIDQGGINLQSVYQNIREKLSDEIIVMQDVLFTPEVSLTDIADIEKWESVVGENDELLEKYIAGEPLEIQDLQREKCRRIQNSSLFPVYHGSAKNNIGTEKLIEVITETFTSGADNNQSELCGSVFKIEYTDQKKRLVYLRLYSGTLRLRDTILLAQKQKLKITEMRIPSNGEIVQADIACCGEIAILSNDTLKLNDILGNTELLPRKAWEENPTPLLRTTVEPQKPEQRELLLNALTEIADTDPLLHYYVDTITHEIILSFLGKVQLEVICSLLIERYHVNINVKEPTVIYLERPSKAANHTIHIEVPPNPFWASIGLSVTPLPMGSGVQYESKVSIGYLNQSFQNAVAEGVRHGLEQGLYGWEVTDCKICFEYGLYYSPVSTPADFRFLAPVVLEQALKKCGTQLLEPYLSFTLYAPQEYLSRAYNDAPKYCAEIESTQLKNDEVIFKGKIPARYIGEYRNDLNFYTNGRSVCLTELKGYQESLGEPVFQTRRPNSRLDKVRHMFNKTI
c12,MKIINIGILAHVDAGKTTLTESLLYTSGAVPELGSVDKGTTRTDTMLLERQRGITIQTAVTSFGWKNYKINIVDTPGHMDFLAEVYRSLAVLDGAILVVSAKDGVQAQTRVLFHALQKMKIPTIIFVNKIDQEGIDLQSVYQNIREKLSDDVMVMQDVSLTPEVSLTDIEDIEKWDSIIAGNDELLEKYIAGEPLKIQDLQREKCRRMQNGSLFPIYHGSAKNNIGTEKLIEVIAETFTSGADNDQSELCGSVFKIEYTDQKKRLVYLRLYSGTLHLRDTILLPQNQKLKITEMRIPSNGEIIPADTACCGEIVILTNDTLKLNDTLGNVELLPRKAWEKNPIPLLRTTVEPQNQEQRDLLLNALTEIADTDPLLHYYVDTITHEIIISFLGKVQLEVVCSLLVERYHVNINVKEPTVIYLERPLKTASYTIHIEVPPNPFWASIGLTVTPLPAGSGTRFKSKVSLGYLNQSFQNAVMEGVRYGMEQGLYGWEVTDCEICFDYGVYYSPVSTPADFRSLAPIVLEQALKRAGTQLLEPYLSFTLFAPQEYISRAYNDAPKYCAVIESTLLKNDEVIFTGEIPARCIGEYRNDLNFYTNGRSVCLTELKGYQEISGEPVLQPRRPNSRLDKVRHMFQKIT
c13,MKIINLGILAHVDAGKTTLTESLLYTSGAIAELGSVDKGTTRTDTMNLERQRGITIQTAVTSFQWEDVKVNIIDTPGHMDFLAEVYRSLSVLDGAVLLVSAKDGVQAQTRILFHALQTMKIPTIFFINKIDQEGIDLQMVYQEMKEKLSPEIIVKQKVMQHPRINIMDNVDIEQWEVLIAGNDELLERYILEEPLKISELEQEENRRFQNGTVFPVYHGSAKNNLGIRQLIEVITGRLYSSTPKEQSELCGQVFKIEYSEKRRRLAYVRLYSGALHSRDVVRISEKEKIKITEMSIPTNGELCLADTAYSGEIVILFNDILRLNSILGNEVLLPQRESIENPLPILQTTIEVKKSEQREVLLEALTEISDGDPLLKYYVDTTTHEIILSFLGKVQMEVICAILEEKYHVEAEIKEPTVIYMERPLGKAEYTIHIEVPPNPFWATIGLSVEPLPLGSGVQYESRVSLGYLNQSFQNAVMEGVRYGCEQGMYGWEVTDCKICFEYGVYYSPVSTPADFRLLSPIVLEQALRRAGTELLEPYLYFEIYAPQEYLSRAYHDAPKYGADIVSTQLKNNEVILKGEIPARCVQEYRNDLTYFTNGQGVCLTELKGYQSANSKPVCQPRRPNSRIDKVRHMFHKLT
c14,MKIINIGILAHVDAGKTTLTESLLYTSGAIAEQGSVDKGTTRTDTMVLEQRRGITIQTAVTSFCWNGYKINIVDTPGHMDFLAEVYRSLSVLDGAVLVVSAKDGVQAQTRILFHALQKMNIPTIIYVNKIDQNGIDLRRVYQNIREKLTSDIIVMQEVILSPKIDITDIADLDKWDSVISGNDELLEKYISEDSLDIQELQLEKCQRTRCCSLFPVYHGSAKDNLGTEKLIEVITETFVTETKNNQSELCGYVFKVEYTEGKKRLSYLRLYHGTLHLRDTLLLSKKKKVKITEMYIPANGEIVSADHACQGEIVVLSDDTLKLYDILGNEELLPRKAWIDNPMPLLRTTVEPQEPEQREALLNALIEIADTDPLLHFEIDTATREIILSFLGKVQLEVICSLLEEKYHVKVAMKEPTVIYLERPLKKAAYTIHIEVPPNPFWASIGLTVTPLPIGSGTQYKSKVSLGYLNQSFQNAVMEGVHYGMEQGLYGWEVTDCSICFDYGVYYSPVSTPADFRFLAPVVLEQALKKAGTQVLEPYLSFTLFAPQEYLSRAYNDVPKYCAVIESVVLENDEVIFKGEIPARCINEYKNDLNFYTNGRSVCLTELKGYKETSGEFVSQPRRPNSRLDKIRYMFQKTM
c15,MKIINIGILAHVDAGKTTLTESLLYTSGAIAEQGSVDKGTTRTDTMILERQRGITIQTAVTSFCWNGYKINIVDTPGHMDFLAEVYRSLSVLDGAILVVSAKDGVQAQTRILFHALQKMNIPTIIFVNKIDQNGIDLRRIYQNIREKLTSDMIVMQEVVLSSKITMTDISDLDKWDSVIAGSDELLERYIAEDSLDMQELQREKCRRTRCCSLFPVYHGSAKDNLGTEKLIEVITETFVPETENSQSELCGYVFKIEYTDQKRRLSYLRLYHGTLHLRDTILLSKKKKIKITKMFIPSNGEIVPADHACSGEIVILSDDTLKLNDILGNEKLLPRRAWIDNPMPLLRTTVEPQKSEQREALLNALIEIADTDPLLRFEIDTVTHEIILSFLGKVQLEVICSLLEEKYHVRVAMREPTVIYLERPIKRATYTIHIEVPPNPFWASIGLTVTPLPAGSGTQFKSEVSLGYLNQSFQNAVMEGVRYGMEQGLYGWRVTDCEICFDYGVYYSPVSTPADFRFLAPVVLEQALKKAGTQLLEPYLSFTLFAPQEYLSRAYNDAPKYCAVIESTLLKNDEVIFTGEIPARCIGEYRNDLNFYTNGRSVCLIELKGYQETSGEPVLQPRRPNSRLDKVRHMFQKVT
c16,MRVPAMFRISLLSMTLTLALAGAASASPAVAQAPTAKAATASTSASTPAFTPASTPASTPASTPASTPTSSPASTAKASAQASTPAKADRATAAVDAAVAEVMREYGIAGMAIGVSRDGEQRFFNYGDASRAPRRAVSSDTLFELGSISKAFTVTLAAYAQATGRLSLTDSPAKWVPELQGSEFARLTLVNLATHTAGGFPLQVPDAVQSMAQLMDYLKAWTPRYAPGTRRTYANPSIGMLGVVAARALGQPYVAAMEQQLFPMLGLRDTYLEVPPRKMPDYAQGYDKQDAPVRVNPGVLADEAYGVKSSARDMLRFVEINLGTAPVDATLQRAIAETHTGYYQLGAMTQDLIWEQYSYPVSVDDVVHGNSAQVAFETLPVKALQPPLAPQQAVWINKTGATNGFGAYVAFVPSRKLGIVILANRNYPNEARVRLALRVLKALAP
c17,MPDRAIALLLFIVTLDAAGAGLIMPVLPGLLDQLGDAAATPAHYGVLLSLYALAQCLAAPVLGALSDRYGRRPVLLVSLAGAAVDYLVMAAAPALWVLYAGRILAGITGATGAVAGACIADAGDPSRRARRFGQLSACFGLGMILGPALGGLAGLAGARMPFVAAAAANGVAFLTALAWLPESRRGARAPWSWRALDPIGGLRQALGGKNLAGLLWVFLVMQMAGQVPGSLWVLYGQDRFQWDAAAVGLSLAGFGALHAVAQATLPGPLSARLGERGALVVGMAADAAGYVLLACATQGWMAAPLMLLLAAGGVGAPALQALLSARAGAGSQGQLQGAMSSLASAAAIAGPLAFTTLYAASVGGWTGWPWVAGAALYLLXAFPSCASTCCTTACRTWPPMPRRRTRKSGAPSRKAPPTRRRPSAACSAWSRTSGRNYG
c18,MINPNPKRSDEPVFWGLFGAGGMWSAIIAPXXXXXXXXXXXXXXXMCIRDRFKTTLCALLITASCSTFAAPQQINDIVHRTITPLIEQQKIPGMAVAVIYQGKPYYFTWGYADIAKKQPVTQQTLFELGSVSKTFTGVLGGDAIARGEIKLSDPTTKYWPELTAKQWNGITLLHLATYTAGGLPLQVPDEVKSSSDLLRFYQNWQPAWAPGTQRLYANSSIGLFGALAVKPSGLSFEQAMQTRVFQPLKLNHTWINVPPAEEKNYAWGYREGKAVHVSPGALDAETYGVKSTIEDMACWVRSNMNPRDINDKTLQQGIQLAQSRYWQTGDMYQGLGWEMLDWPVNPDSIINGSGNKIALAAHPVKAITPPTPAVRASWVHKTGATGGFGSYVAFIPEKELGIVMLANKNYPNPARVAAAWQILNALQ
c19,MPVLPGLLRDLVHSNDVTAHYGILLALYALMQFACAPVLGALSDRFGRRPVLLVSLAGAAVDYAIMATAPFLWVLYIGRIVAGITGATGAVAGAYIADITDGDERARHFGFMSACFGFGMVAGPVLGGLMXAALNGLNFLTGCFLLPESHKGERRPLRREALNPLASFRWARGMTVVAALMAVFFIMQLVGQVPAALWVIFGEDRFHWDATTIGISLAAFGILHSLAQAMITGPVAARLGERRALMLGMIADGTGYILLAFATRGWMAFPIMVLLASGGIGMPALQAMLSRQVDEERQGQLQGSLAALTSLTSIVGPLLFTAIYAASITTWNGWAWIXXXXXXXXXXXXXXXXXXXXXXXXXXXXXXXXXXAGAALYLLCLPALRRGLWSGAGQRADR
c20,MRAPAMPRVFPRPKTLTSALILSLVLAGAASASPAATQAASPAASAQAPAARSSTAPAAAPAKADRATAAVDAAVADVMRQYGIAGMAIGVSRDGEQRFFNYGDASREPRRAVSSDTLFELGSISKTFTVTLAAYAQATGRLSLADSPAKWVPELQGSEFAKLTLVNLATHTAGGFPLQVPDAVQTMAQLMDYLKAWTPQYAPGTRRTYANPSIGMLGVVAARALGEPYVVAMEQQLFPKLGLRATYLEVPPRKMPDYAQGYDKQDAPVRVNPGVLADEAYGVKSSARDMLRFVEINLGTAPVDATLQRAIAETHTGYYQLGAMTQDLIWEQYRYPVSVDDLVHGNSATVAFETLPVQALQPPLAPQQAVWINKTGATNGFGAYVAFVPSRKLGIVILANRNYPNEARVRLALRVLKALAP
c21,MFITSFGEQNITYKCCSNFLIHLSGMLSKTQKLFKTSLFILAVGCSIHSNAYEIEANQKDIETAVNQSFKPLMEQYGVAGMAIGVIYKGENYEHYYGLQSNNDNKKVDSRTIFELGSVSKLFTATAGAYAKAQGKLSFKDHPSQYWPALKNSEIDKVSLLELATYTSGNLPLQFPDYVKTDEQILDYFKNWHIKNPSGKYRQYSNPSIGLFGELTARSMKVSFPSLLEQVIFPSLHLKHTYVNVPEEQIEHYAFGHDQKNNLIRVNPGAFDAQAYGVKSTLPDMLSFLNSNLDVEKNSSKIKTAILETHKGYFKLGNMTQALGWETFSYPTTLEILQESNSESIVMQSNPVIKDISQSKSKVFHKTGSTNGFGTYVLFIPEKGFGLVMLMNKRIPNEERIKAAYNVFNTVKSI
c22,MRLYLPSFSKKFSLMIFNQKYFFQASFITMVMGFGMNLHASEVSQDEKNIEKVVTQSFKPLMDEYGVAGMAIGVIYKGKSYEKYYGVRFKDTNESVNGQTLFELGSLSKTFTAISGTYAKNQGKISFNDQPSKYIPALKNSEINKVNLLELLTYTSGNLPLQFPDDVKTDKQILEYFKNWKANNPPGAYREYSNPSIGLFGYLTAKSMNVSFSSLLEEIIFPQLNLKHTYVNVPEEQKMNYAFGYDENNKPIRVNPGPLSDEAYGVKSTLPDMLKFVKSNLNVDTNSPAMKKAILDTHKGYFKVADSGMTQALGWEMFSYPTTSEILQASNSKQILLGLNPVVKELSQPKSKVFHKTGSTNGFGAYILFIPEEDFGLVMLMNKKIPNVDRIKAAYNVFEILKNN
c23,MPDRAIALLLVIVTLDAAGVGLIMPVLPGLLDQLSDPASTPTHYGLLLSLYAVAQCLAGPVLGALSDRYGRRPVLLASLAGAALDYVAMAAAPALWVLYPGRILAGITGATGAVAAASIADAGDPARRARRFGLLSACFGLGMIVGPALGGLAGLAGPRMPFAAAAVANAVACLLALVWLPESRHGGRPRWSWRALNPVAGLRQALGGKGLCGLLWVFLMMQMAGQVPGALWVLYGQDRFQWDAAAVGLSLAGFGALHALAQATLPGPLSARLGERGALAVGMAADASGYVLLAAATHSWMVAPLMLLLAAGGVGAPALQSLLSARAGAGSQGQLQGAMNSLASAAAIAGPLAFTALYAARLGGWTGWPWVAGAALYLLCAPVLARLERRRDRATHAAR
c24,MRHATILNLCGLAASTLFFATTSAFATAAPAERLKALVDAAVQPVMKANDIPGLAVAITLKGEPHYFSYGVASKEDARKVTPETLFEIGSVSKTFTATLAGYALAQDKMRLDDRASRHWPALQGSRFDGISLLDLGTYSAGGLPLQFPDAVQKDPAQIRDYYRQWQPTYAPGSHRQYSNPSIGLFGYLAARSLGQPFERSMERQLFPALGLEHTFIRVPAAQQGLYAQGYGKDDRPLRVGPGPLDAEAYGLKSSAADLLRFVEANLHPERLEKPWAQALDATHRGYYKVGDMTQGLGWEAYDWPIDLKRLQAGNSAPMALQAHKVARLPAPQALDGQRLLNKTGSTNGFGAYLAFIPGRDVGLVILANRNYPNAERVKIAYAILSGLEQQAKVPLVR
c25,MKSNKALIVLLNTVALDAVGIGLIMPVLPGLLRDLTHSNDVTAHYGALLALYASMQFVCASVLGALSDRFGRRPVLLVSLAGAALDYAIMATAPFLWVLYIGRIVAGITGATGAVAGAYIADITDGADRARHFGYMSACFGFGMIAGPVLGGLLGGMSSQAPFFVAAALNGLNFLMGCFLLPESHTGKRRPLSAETLNPLASFRWARGMAVVVALLAVFFTVQLVGQVPAALWVIFGEDRFHWDATMIGISLAAFGILHSLAQAIFTGPVVARLGEKWALILAMIADGTGYILLASATQGWMAFPIMILLASGGIGMPALQAILSRQVDEEHQGQLQGSLAALTSLTSIVGPLVFTAIYAASTTTWNGWVWIAGAALYLICLPALRRGLWGKRRQGE
c26,MTKPKHLSMNLKKLLIVAGVFSVSSTLWAKDLTEQQVKAVIDQQFKPLLAQYNIPGLAVAVTLNGQHYFVNYGVASKQSQQPVRNDTLFELGSVSKTFNATLAGYAQAQGKLSFSDHPAKYFPELNNTAVNRATILNLGTYTAGGFPLQFPDEVVTQQDMVKYFYKWQPKTKISVARQYSNPSIGLMGYVTALVMKKPYSELIEKTLFPQLGLKQSFIHVPESQMKNYAWGYKNDQAMRVSAGMFDAEAYGVKSSSADMLKFIDAQLNPQQLKQPMRKTIENTHVGYFKVGAMTQGLGWEQYTYPVSLATLLQGNSSKMALESHTVTPIKQPKLASAATLFNKTGATNGFGAYVAFIPQQKIGIVMLANTNFPNEARITASYQTIQQLLKQQ
c27,MAGRFVWKPDFMLKTTLCALLITVSCSTLAAPHSEQQINDIVHRTITPLVEQQKIPGMAVAVIYQGKPYYFTWGYADVAKKRPVTQQTLFELGSVSKTFTGVLGGDAIARGEINLSDPVTKYWPELTANQWNGITLLHLATYTAGGLPLQVPDDVKSATDLLRFYQNWQPAWAPGTQRLYANSSIGLFGALAVKPSGLGFEQAMQTRVFQPLKLNHTWINVPPEEEKNYAWGYREGKPVHVSPGALDAEAYGVKSTIEDMARWVRSNMNPRDINEKTLQQGIQLAQSRYWQTGDMYQGLGWEMLDWPVNPDSIINGSDSKIALAARPVKAMTPPTPAVRASWVHKTGATGGFGSYVAFIPEKELGIVMLANKNYPNPARVDAAWQILNALQ
c28,MAGRFVWKPDPMFKTTLCALLITASCSALSAPQQLNDIVHRTMTPLIEQHKIPGMAVAVIYQGKPYYFTWGYADVAKKQPVTQQTLFELGSVSKTFTGVLGGDAIARGEINLSDPATKYWPELTAKQWNGITLLHLATYTAGGLPLQVPDEVKSSGDLLRFYQNWQPTWAPGTQRLYANSSIGLFGALAVKPSGLSFEQAMQTRVFQPLKLTHTWINVPPAEEKNYAWGYREGKAVHVSPGALDAEAYGVKSTIEDMARWAQSNMNPRDINDKTLQQGIQLAQSRYWQTGDMYQGLGWEILDWPVDPDSIINGSDSKIALAARPVKAITPPAPAVRASWVHKTGATGGFGSYIAFIPEKELGIVMLANKNYPNPARVAAAWQILNALQ
c29,MLSVTKKSFRFSFFTLAIGLSTYSNAYDVEKNKDNIETTINQSFKPLMEKYGVLGMAVGVIYKGKNHEQYYGIQSDIDNKAVDSQTIFELGSVSKIFTATAGAYAKNQGKLSFQDHPSKYWPALQKSEINTVSLLELVTYTSGNLPLQFPDNVNTDEQVLEYFQNWHIKNSPGQYRQYSNPSIGLFGEIAARSMKVPFTSLLENVIFPKFNMNHTYVNVPKEQKEHYAFGYDQLNQPIRVSPGALDAQAYGVKSSLPDMLKFLNKNLNPEKSNSDFKKAILETHKGYFKLGNMTQALGWETFSYPTTLEILQESNSEKVVMRSNPVVKETTQAKSKVFHKTGSTNGFGTYVFFVPEENFGLVMLMNKKIPNEERIKAAYKVFNTIKSS
c30,MKAISAVVLPAMEKNQIPGMAVALVLGEKTYVFNYGVSDVEKQTPVTDETIFEIGSISKTFTATLAMHAEATGKLKLTDTAARYLPELAGTDFGNLQLFHLGTHTLGGIPLQVPDEVQTREQLLEYFRTWKPAFRAGTMRTYANPSIGALGWITAKSLGQDFSTAMTQAIFQPLGLTSTYLSVPAQKMSSYAWGYNKDKKPVRVNPGMLDSEAYGIKTTASDLSAFLKANMGMLPLDSMLQAALNNTRKRYFSVGQMTQGLIWEEYAMPVDLPTLQEGNAPKIILNPTPVSAKVPAATPDSNVWVNKTGATNGFGAYVAFVPEERFGVVLLANKNYPNAERVEIAHKIYSNLTGKQ
c31,MFKTTLCALLLAISYSTFAASHSEQQINEIVHRTMTPLIEQQQIPGMAVAVIYQGKPYYFTWGYADVEKNRPVTQQTLFELGSVSKTFTGVLSGDAIAREEITLSDPVTKYWPELTAKQWNRITLLHLATYTAGGLPLQVPDDIKSATDLLRFYQNWQPEWAPGTQRLYANSSIGLFGALVVKPSGLSFEQAMQTRVFQPLKLTHTWINVPSAEEKNYAWGYREGKAVHVSPGALDAEAYGVKSTIEDMARWLQSNMNPQEIKDKTLQQGIQLAQSRYWQSGDMYQGLGWEMLDWPVNPDIIINGSDNKIALAARPVKAITPPAPAVRASWVHKTGATGGFGSYVAFIPEKELGIVMLANKNYPNPVRVAVAWQILNALQ
c32,MNLLNNKKIAIIGGGPVGLTMARLLQQNGVDVTVYERDKNRQARIFGGTLDLHKGSGQEAMKKAGLLQTYYDLALPMGVNIADEKGNILTTNNVKPENRFDNPEINRNDLRTILLNSLQNNTVIWDRKLVMLKPEKEKWVLTFEDKPNETADLVILANGGMSKVRKYITDTQVEETGTFNIQADIHQPEINCPGFFQLCNGNRLMAAHQGNLLFANPNNNGALHFGISFKTPNEWKNKTPIDFQDRNSVADFLLKRFLEWSEVYKQLIRSISTFQCLPTRKFPLNNDWKNKRPLPITMIGDAAHLMSPFAGQGVNSGLIDALILSDNLTDEKFNSIEEAIQDYEQQMFVYGREAQTESTINETEMFSPDFSFQKLMNL
c33,MESTDVINEIRGILPRNSIGKYRYDDNATNVKAMKYLIEHYFDNFKVDSIEIIGSGYDSVAYLVNNEYIFKTKFSTNKKKGYAKEKAIYNFLNTNLETNVKIPNIEYSYISDELSILGYKEIKGTFLTPEIYSTMSEEEQNLLKRDIASFLRQMHGLDYTDISECTIDNKQNVLEEYILLRETIYNDLTDIEKDYIESFMERLNATTVFEGKKCLCHNDFSCNHLLLDGNNRLTGIIDFGDSGIIDEYCDFIYLLEDSEEEIGTNFGEDILRMYGNIDIEKAKEYQDIVEEYYPIETIVYGIKNIKQEFIENGRKEIYKRTYKD
c34,MRCVNLQGTLIIRYLRTIKIRKMRITKKRSPRLILQSLVKNGYPYIIICIWCVLSGGCVQNKSQDSLKTLKTEIRHIIKDKKATIGVALILDGEDTLAINNAEKYPMMSVYKFHQALAVCDYLQKRHIPLSTSLYLDKKYFKPDTYSPLRDKYPQGNLELPISELLVYTMQSSDNVACDILFDYIGGVNVVDEYIHSLGINDVSITATEDEMHQDMDDCYKNWTTPMEAANLLELFMTQDFMRNEYTDFLKHIMIECGTGKDRLPAPLPESEVKIGHKTGTSDKNDRGEYIGINDIGFVILPDGSRYVVAVFVKDSKENMETNAKIISDISAAVYRYAGNR
c35,MFKNRSMKKSRRKRLVILCIALVCIIVLVFLLFSKSTSNNSTNPPLTDVLTDSISRIVSACPGEIGVAIIINNTDTVKVNDKSVYPMMSVFKVHQALALCNDFDNKGISLDTLVKIDRNRLDSKTWSPMMKDYSELVISLTVRDLLRYTIAQSDNNASNLMFKDMVNVAQTDSFIATLIPRSSFQIAYTEEEMSADHDRAYFNYTSPLGAAMLMNRLFTESIVSGEKQSFIKNTLKECVTGTDRIVAPLLDKERVSIAHKTGSGNVNENGILAAHNDVAYICLPNNVCYTLAIFVKDFKGNESQASQYVAHISEVVYSLLIQNSAIP
c36,MEKTKKQFVVLCIVLVCIFTLVFSLFCKSATKDSAISPLTDILTDSISQIVSACPGEIGVAVIINNTDTVKVNNKSVYPMMSVFKVHQALALCNDFDNKGISLDTLVNINRGKLNLKTWSPMIKDYSEPIISLTVRDLLRYTLTQSDNNASNFMFKDIVNVAQTDSFIATLIPRSSFQIAYTEEEMSADHNKAYSNYTSPLGAAMLMNRLFTEGLIGDEKQSFIKNTLKECKTGVDRIAAPLLDKKGVTIAHKTGSGYVNENGLLSAHNDVAFICLPNNTCYTLAVFVKDFKGNESQASQYVAHISAVVYSLLMQTSLNT
c37,MKKNKIILSVSIVILLCLTIISLKQFSHHKSIEDKSKSELNSQVISDSISKIASEYPGEIGVAVIINNQDTVTVNNKSIYPMMSVFKVHQALALCNDFDKKGSSLDTLVKINREKLDPKTWSPMMKDYSTPVISLTVRDLLRYTLIQSDNNASNLMFKSMLNTAQTDSFIAKLIPRSSFQIAYTEEEMLADHDKAYSNYTSPLGAAVLMNRLFTESLISDDKQSFIKNTLMECKTGMDRIVAPLLDKEGVVIAHKTGSGFVNENGVLAAHNDVAFIRLPHNKYYTLAVFVKDFKGNETQAAKIIARISNTVYSLLIQF
c38,MRIEHSQNFLHSKKLVSELLDKTNLNDDDTVIEIGPGKGIITEELSKKCKRIIAIEYDNKLSASLKETFSEDSKIQIIEQDFLKYKLPNSGEYKICANIPFNLTADIMKKVLEFENSPTDIYFIMQYEAFLKYAGQPYYSESMRSLLYKPWYFSELIHEFKPTDFRPAPNARICFVHFHKRDNPKVADSKDYKNFLSYVFAAPGNTFKEKTKKLFTYEQQKRICKQIKILINSSISEISYEGWIALYDVFVRFVSDEKKEFIKGSEQSLKSQQNKLQKTHRNRNQGCTKFNANKTRKKDVITHPEQKQKAKQRNHNF
c39,MRTLTRILLFCLLLPAGCTTDIGRLERRIDRIAERCDARIGVAVTTPAGLLLSRNDTLLPMLSVFKFPVALAALDRMERDTLPLTHPVTVGFERLDRNTYSPMRDSLPAGGGTVALGALLRYAVSASDNIACDLLIDFAGGPAAVDAYVRSLGIDGMRILTDERRMHLTVGNQRLNAARPSAVCALFDRFLRGGVLSAAHEAFLRSLLVSTETGADKLKAGLPARTVIGHKTGSSDRTADGIRIADNDAGYVLLPDGRSYCIAVFVTDSEEDDAANAAVIAAISAAVYDHFADDPNSGMHGSTPRPDRYTDRTPAH
c40,MMGVSLGMMLLALATGSAQQQSDAHRAAARDLAARSGFSVTYELQCREAGGLPAALFTPGAPPATRLFDNFFYVGLNGVGAYVLRTGDGLILIDTLNSTKDAQTIIVPGMEALGLNPHDLRYILISHGHGDHYGGAAWLAKTYGARVMASEADWTLMERAGSRGGGRFDPPPARDLVASDGEILKLGDTSIRIVATPGHTPGTLSFLIPVTDKGVPHMLGMLGGTGIPAEAAARADYVRSLDKFADAAFAAGADVELSNHPFVDDSLARMAKLRSAPDAPNPFIIGEQRYADYAAIQKHCALARDGGTAAAAK
c41,MKNLGYSQNFLVNKKLVERLISKSNIDVTDYVIEIGPGKGIITDVLSQHAGEVVAVEYDQELYNNLVRYHSHDNVTYIFGDFLKYKLPLNRRYKIFSNIPFQITADIIRKLTDDVNPPSDINIIIQREAAKKNCGIPLQKYEGFRAAIIKAQYKVEITHSFKRSDFFPSPNVDTVMLHMQLWDDRLSGDDLQNYKDLVAFFYTNIKGETAKERLSILFSNEQIKRLGKANRISLSNSYTLITAEQWMNIYYYSKIGLTDEKKKKFQDAYKKLQKMNKKLKKQNRTSLRKSSSNKKCRTRIDTSNGTKNR
c42,MQRRTISLGLVAVAALPLWGCAAAGIANGPGGAAHGKTARQWSDALAGIERAAQGRLGVAMLDTGSGLALGWRQDERFAMASTFKLVLAGWMLALVDQGKERLDARVHYPVAEVVAYSPVSSPRAGDGGGLTVGELCAATVSLSDNTAANVLLARHGGPAGFTAFVRSLGDGATRLDRTEPTLNEAARGDPRDTTTPLAMLQTMRKLVLGDALTPASRTWLQRWLVQTSTGDKRLRAGVPGWKVGDKTGTASDSGTANDVAVLWPPASGAPVLVTCYLTRSTAQPEQRDVAIAQVARAVVAARETFRAS
c43,MKGRLSRRELIAASASLAALACAPVTNSSEGKTGYWAEEIYARLAELAERAEGTLGASVLDPGSGAFASWNGDRRFPHCSSFKVSLAAMVLDLVARGQIDGKRLLHWSEADLMWVSPFTTRRLGQGATFLELARATQVTSDNTAANVLLRELGGPEALTAWWRALGDGTSRLDRTEPALNRVLPGEVHDTTTPDAMARTMATILYGDALAPSVSERLASWMAKTETGSRRVRADLPDRWRAGDKTGTAMIEGMGSAYVDIGFVVPDGRGPLTFATYYMVDAVHDDMDPQAEALLAEVGRTIAAVFAR
c44,MASSASVSSWLPSSSNQAAESPVQARIHSSTAALQAAGGDDDLQLALETAGRLGGLRVGIGEQVGVVVAALAVEPLGVDDLPAALAEVEHIAVVDVAMQRALFASGLQQVAGGVRAVDVEPAVAALGGIQRVEPALQRGQFRQRTRARGMDAFDGLAEDTRSLVVVAALDHLQQRAPAGGTLHQQRLVVVGQHPGRALAVPPVEQYVAETLFLGTGYLQHRRCAAMAHRQQAAAVGGEGLAVGLQRPALEVGREVEGFVH
c44,MLKISSAEEERFGHVLLNWWDGQGAARVLAYDHQALLMERATGGRSLLEMVRRGDDDEATRILCQAIERIHAPRPGPLPELTPLERWFDSLYAAERRYGGLYVDCANAARYLLETAREQRPLHGDIHHGNVLDFGERGWQVIDPKRLYGERGYDYANLFTNPDAKTAQAPGRFERQLEIVIAASGLQRRRLLQWXXXXXXXXXXXXXXXXXXXXAGHRPPGPGKPRSNACAMNCAAAPALQREALFRRRDPVSNTHPAKMAVPTTQ
c45,MKIHQIIFNPTGGTQRVSEILLFLLLTFFLAYIQTTEVKGQSSYFSYGASIMNGELYCGHQEDSAFAMHSVMKFPQALYVADYLHKKGLTLSDSVLVNKDSLDAETWSPMLSIFEGMRYFTFAELIEWSLKQSDNNACDLLFASCGQPDAVEKYIHTLGFKDIHVQLTEKEMKKNPHRAIENSATPKEMARLLEWFYLHRDDNKNLSFIWDTMADCNTGQQRIAAVLPKDGKLIHKTGSGFPSSDGRQDRNDVGIVLLPDGSHLSIAIFLQKSKEEKEVAEIAEQCLMRIQADGFLRNMPSDLQMP
c46,MRDKTVFKMRKLLFIIIYLSFISPAFAGGNKAIENALHEYIKGKDARIGVAVIINGKDTVSVNGNRDFPMMSVVKFPLALTVAHWINTNGMSLNDTVTFSEKAMKEDTYSPMLKKYGKSLNAMTVRELLEWSLVESDNNAADILLHRVGGTSGVTSIMRQMGISDEIVIGASEEDMHRDPYLSYLNRTTPLAMAQLFDRFYHELRNASQLYSEISVMLEQCRTGLDRLAFPLLPTNALIGHKTGTGFPTPEGRISAVNDCGYVNLPNGTRYSVAVFVADSNYDIATTSAIITEVSKIVLEGLIKQK
c47,MQRREFSLGLAALGLSPLAGCAVPAAPGADISKTWNSAMEGIEHNAQGRLGVSMLDTETGLALGWRQDERFAMCSTFKLLLAGWMLSLVDQGREKLDARVHYAPADVVEYSPVSGPRAGTGGGLTVGELCSATVSLSDNTAANVLLERHGGPAALTRYLRALGDSITRLDRNEPTLNEAAIGDVRDTTTPLAMLQTMQKLVLGESLSASSRAWLQRWLIETSTGDKRLRAGAPGWKVGDKTGTAGSSGTANDVAVLWPPRVSGHRGAVLVSCYLTRSAVAPEQRDAAIAAVGRSVVSASLASRGT
c48,MRNIKDTQNFLHSKELVRHLIGICNIKLDDVVIEIGPGKGIITNELAHKARKVVAIEFDEELYEKLKNKFQSNNKVDIIYGDILNYTPRIPSYCVFSNIPFNITSEILNKFLSDKKNEKMFLIMQYEPFIKYAGNPYGAETLRSMLYKPFFDMDLKYRFDPSDFKPAPQARIVLASFERKQFPDVKKEEEKLYKDFLAYIYTNKGETFFAKIKTLFSSNQIKRVWGQIKIDKTTKISEVPYESILKVFKLFFLYGTDANKQLVVNSFNNMNKQNNKLQKNHRNNSKAKSWNSNRKRKPYHRNNV
c49,MSAKSLALAALMLAAPMLAGCAPQTSAPAAAPAAPTGKGLAAACADRDGWSDPAPPAKLFGNTYYVGTCGITALLIDAPAGPILIDAATAEAAPAILANIRALGFDPKRIRAILTSHEHFDHVGGLAALHAATGAPVIALADAAPQLESGTPDPRDPQRGAVDSFTGVPVAQRLRDGQPLAFADIRITAYATPGHTPGSTSWTWQSCEGSACRTIAYVDSLTAISADGYRFSDHPDYVAMLRATFAKVPTLPCDILVTPHPGASNLFARLAGEAPLAAADGCAAYAAAAGKRLDDRLAKEAATR
c50,MGIEHSQNYLHSKQLVATLLSKSNICNDDIVIEIGPGKGIITNELAKKSKKVIAIEFDAKLAKTLSERYKESKKVQIIEMDFLKYKISVKEPYKVCANIPFNITADIMKKVFEDDNPPEDIYFIMQYEAFLRYSGQPFYNESLRSLLYKPWFSAELIYEFKPSDFYPVPNARICFAHFQRKTSADVEDATDYRNFLSYIFLASGNTFKDKTKKLFTYEQQKRICKFLKIKLESTLTEISYDGWLYLYDVFLKFVSNEKKAIILNAEQAMKNNQNKIQKKHRNRNHGYWKFEAKRQKKLKFENGK
c51,MIIVKRKYSVLLSNVNRGIENLKKFYLSVLFGLFLLTVTGKVADAKSFDQIEQDNDTIVGVYGVNTANGKVVQHRSGERFAFASTYKAISSGILLQNRPTSELNKKIAISKDDIVAYSPVTEKYIGKQMTLKALIKASMLQSDNTANNKVIEEIDGIKEFQQALIHRGDHISNPQRLEPDLNLYDPQSTDDTTTPKRAATTFNHLLQSENMSKANLELLKHTMIHNETGGTLIKAAVSKDDVVGDKSGQGLTYGSRNDLAFIYPKKQNKPIILAIYTKKSDKDAKPDDKVIQTAAETAIKSLK
c52,MKFLKIILLLISSLIFSQKYNLDSQISKITKGKNATVGVSVLGIDFPLSYNNANADKKLPMQSVFKFHIAMAVLDLVDKGKLSLDQKVFIKKSELLPNTWSPIREKNPEGNFEIPISELIQYSVAQSDNVGCDVLLRLIGGTQVVQKYMDSKGAKNFRIVYNEETMQSAWKNQYENYLTMRSSSKILKDFYQGKYLSKKSTQFLMDVLYSTSTGTNKLIEQLPKNAKIAHKTGSSGKNKDGLTGAENDLGIITLPNGKHYAISVFVSDSKESETVNCKMISDISKVVYDELSNPKNGFFFNWK
c53,MFMPPVFPAHWHVSXTFSSLVWKVSLPDGTPAIVKGLKPIEDIADELRGADYLVWRNGRGAVRLLGRENNLMLLEYAGERMLSHIVAEHGDYQATEIAAELMAKLYAASEEPLPSALLPIRDRFAALFQRARDDQNAGCQTDYVHAAIIADQMMSNASELRGLHGDLHHENIMFSSRGWLVIDPVGLVGEVGFGAANMFYDPADRDDLCLDPRRIAQMADAFSRALDVDPRRLLDQAYAYGCLSAAWNADGEEEXXXXXXXXXXXXXXXXXXXXXXXXXXXXXXXXXXLAIAAAIKQVRQTSY
c54,MCRRRAVGLALTLAAVVTLAGCASSPAATNGARDSAQASAANRIAALEKISGGRLGVAVTDQFGKLIVGHRADERFAMCSTFKLLLAAQTLTAAKNGVSLRTPLPFTRADLLPYSPGAERLLDAEGKGEYRIGFAAEDAVVLSDNLAANLLLDHFGGPTAFTDHVQATGDLVTRLDRVEPDLNANIPGDPRDTTSPAAMAKSAAAYIFGDKLDPAYRTMLRDWLVKSETGLARIRAGLPRTWHVGDKTGTCGTAYNDVAFVEEPGGDKYMIAVYLDRPALKGDAANAIIADVARAVAGDRTE
c55,MKAYFIAILTLFTCIATVVRAQQMSELENRIDSLLKGKKATVGIAVWTDKGDMLRYNDHVHFPLLSVFKFHVALAVLDKMDKQSISLDSIVSIKASQMLPNTYSPLRKKFPDQDFTITLRELMQYSISQSDNNACDILIEYAGGIKHINDYIRRLGIDSFNLSETEDDMHSSFEAVYRNWSTPSAMARLLRTADEKELFSNKELKDFLWQTMIDTETGANKLKGMLPAKTVVGHKTGSSDRNADGMKTADNDAGLVILPDGRKYYIAAFVMDSYETDEDNADIIARISRMVYDAMRRQGGYW
c56,MNKNKLPVRFTGQHFTIDKVLIEDAIKQSRINQNDMNKNKLPVRFTGQHFTIDKVLIEDAIKQSRINQNDTVLDIGAGKGFLTVQLLQKAKFVIAIENDFELITHLKHKFKQTQNIQVFGCDFRNYKIPNFSFKVVSNIPFGITSEILKILMFENMESFQGGSIFLQLEPAKKLFVDKIFNPYTILYHTFYSLKIVYEINPNSFIPPPTVKSAFLKIERKPLHIDFNQKVKYLKFLSFLLQKPNLPVRTALKLIFRKSQVNEISEKLGINLNLKIVNLSPSQWKDCFIEMLKVVPEKFHPS
c57,MKVIELNIGSTPALFIGEKSKNTNMGRRSVNMKHLLLLLSLIIPTLLFAQQKVEKYGACMIRNDSVSGVNRNERFALHSVMKFPQALYVADYLCRKGLDLYDTIVVDKAELMQDTWSPMLKRFEGNGAISYAELLELSLGQSDNNACELLFKHCGKPKAVEKYMRKLGFRDIHIRMTEEQMHKNPAKAIKNSSTPAEMVRLFEWFYHHKDDNQYLAFIWKAMANCSTGLKRIPAAIPADARIVHKTGTGFPSSEGVQDMNDAGIILMPDGSHVIIAVFTTQSPSEAVIANIARQLLEQ
c58,MRKLLFIIIYLSFISPAFAGGNKAIENALQEYIKGKDARIGIAIIINGKDTVSVNGNRDFPMMSVVKFPLALTVANWVDTNNMSLSDTVTFSGKSLKEDTYSPMLKKYGKSRNAMTVRELLEWSLVESDNNAADILLNCVGGVSGATSKMRQIGISDEIVIGASEEDMHRDPYLSYLNRTTPLAMAQLFDRFNNEMRNASQSYSEISVMLKQCRTGLDRLALPLLPTNATIGHKTGTGFPTPEGRISAVNDCGYVNLPNGTRYSIAVFVADSGYDMAATSAIIAEISKIVWKRLTKQK
c59,MLKLKLEYPASDQASKKLKLTQKEKHMSEEKINTVTTKNDFKSALRNVDIKDDDTVLVHTALSKFYYVPNGPETIVEALKEAVPNGTIMMPSQVSTNCDPATWEYPPVQKSLIQVVKDAMPPYNPTTSMTEGLGVTPEYFRTLPDVVRSTHPYLPIAIWGKNKVKIAQNQPLNIPYGIDSPLDYLYQNNGKTIFLGTDYETCTVLHYAESTIGRKTETCSAATSLDESGKTIWTEYQNIDMDSYDDFNELGTEFEAKHPSAIKKVKLNNGVIKVINVKPLIDFARKWFTKKDNNHSI
c60,MRKLLFIIIYLSFISPAFADGNKAIENALQEYIKGKDARIGVAVIINGKDTASVNGNRDFPMMSVVKFPLALTVAHWIDTNGMSLNDSITFRKNDLDEDTYSPMLKKYGKSRNAMTVRELLEWSLVESDNNAADILLHRVGGTSGVTSIMRQMGISDEIVIGASEEDMHRDPYLSYLNRTTPLAMAQLFNRFDAEMRNTSLSYSVIATMLEQCRTGIDRLVAPLLSSDATIGHKTGTGFPTPDGRISAINDCGYVNLPNGVRYSIAVFVADSGYDMARTSAIIAEISRIVWIGLTG
c61,MKNTDIQKLAERHGLMLSDKMKFNEMGIDFKVGFATDKDENQWLLRIPRRPDLGKQIAKEKLILQLVCKHLTAQVPDWKIANEELVAYPLLDGKPALTYDAETYEVSWNMDKDSPNYIQSLAKILVQLHAIPKEEVVLNGLEVTTPESLRSEISERLRLVKSELGISNDLENRYKKWLDNDTLWPNFTKFIHGDLYAGHILTYADGNVCGIIDWSTARISDISQDFSGHLTVFGEESLKSLISEYEKQGGKIWNMIFEQAVERAAAAPLAYGYFAVETQDEVHINGAKVQLGVQR
c62,MFFCVFSQGATSSPPAVSAADSSAVRELAHSLKARVGMAAEMLDTGETVMVGDEAAYPMQSVVKFVLALSVLKRVDQGAMNLEQIIRIRPEQLVKDTWSPLRERFPQGGDFSLKELLRVTVQESDNNTCDLLFGLIGGPQAVQKDLKEWGIDGINVRFTEEEIHRNHDLQYVNSSRPSAMNSLLRAFDEGKILAGGTQNFLWGIMAGCSTGPERLKGQLPRDYVVAHKTGSGFTLPGGGVTARNDVGIIVLPNGRKMAVSVFIRDSKDSESACDRVIASMARWLCMEWRPAAGKE
c63,MLMKFQCHFLSVPVAILGCVGLICTSAYAMDTGILDLAVTQEETTLQARVGVAVIDTDSGLTWQHRGDERFPLNSTHKAFSCAAVLAQADRHKLNLEQAIPIERTALVTYSPVTERVPPGGTLTLRELCRAAVSISDNTAANLALDAIGGARTFTAFMRSIGDDKTRLDRREPELNEATPGDARDTTTPIAAARSLQTLLLDGVLSAPARNELTQWMLGDQVADALLRAGLPRDWQIADKSGAGGHGSRSIIAVVWPPKRSAVIVAIYITQTAASMSASNQAVSRIGSALAKALQ
c64,MAATTLPLWGCAAVRNPDRRDQTTRAWNEALASIERTAQGRLGVAMLDTGSGLALGWRQDERFAMASTFKLVLAGWMLALVDQGKERLDARVHYAAADVVAYSPVSGPRAGDGGGLTVGELCAATVSLSDNTAANVLLARHGGPAGFTAFVRSLGDPITRLDRTEPTLNEAAVGDPRDTTTPLAMLQTLQKLVLGNALSPMSRAWLQRWLVETSTGDKRLRAGVPGWKVGDKTGTAGDSRTANDIGVLWPQGGGAPVLVTCYLTRSTASGEQRDAAIAQVARAVAAARDAFTRS
c65,MKNRDIQKIAERNGLFLSDEMSFNDMGIDFKVGFATDKDGTKWLLRIPRRTDLGEQIANEKRILQLVSKYLSVQVPDWRIANEELVAYPLLDGKPALTYDTETYEVTWNMPKESELYIPSLTKVLVELHSIPTQEVLSNGLKVLTAEQARNEISERLLLVKSELGISTELENRYQKWVDNDALWPNFTKFIHGDLYAGHTLTHHNGELCGIIDWSTAQVSDIAQDFSGHVTVFGEESLKALISEYEKQGGEVWDKLFEQAVERAAAAPLAYGYFALETQDEMHLSAAKLQLGVE
c66,MKNKDIQKLAERNGLFLSDKMSFNEMGIDFKVGFATDKDGTKWLLRIPRRAGLGKQITNELRILQLVSKYLSVQVPDWRIANEELIAYPLLDGKPALIYDAETYEVTWNMSKDSELYIPTLAKVLIELHSIPKQEVLRNELKVLTPEQVRNEISERLFLVKSELGISAELENRYQKWIDSDVLWPNFTKFIHGDLYAGHTLTHRNGEVCGIIDWSTAQVSDIAQDFSGHVTVFGEESLKALISEYAKQGGVVWDKLFEQAIERAAAAPLAYGYFALETQDEIHLNAAKLQLGVE
c67,MTIKDIQILAEAHGLLLTEKMKFNEMGIDFKVGFAIDRSGQQWLLRIPRRNDMGEQIEKEKRILELVKKHLSIEVPDWQISSPELVAYPMLKYNPVLTFNAETYEVSWHMDKDSPKYITSLAKTLVEIHSIPEIEVLGNDLKIMKSSNLRPEIASHLQLVKSEIGISEQLETRYRKWLDNDALWADFTQFIHGDLYAGHVLASKEGIVSGIIDWSTAHIGDPAIDFSGHATVFGEESLKGLIMEYEKQGGKVWDKLYEQTLERAAAAPLAYGFFALETQDESHIAGAKVQLGVG
c68,MKRLIILYLLLSQVMACFAQDELVTELKSLINGKKATVGVAIVFNGSELMTINNQYRFPLMSVAKFHLALTVLHHLDKADQPLDMELLVKPDDLRPNTYSPMRDRYPDGNYTMTVGDLLRYSISQSDNIATDILYKYVGGPKAVQKYMEKLRIPDVNISMTEAEMEAEEMNEYENWCTPASAVLAMETFLQSNLFPQSYKLFLERALVDSNTGQNKIKALLPADKVLVGHKTGSSKRNEYGIKIADNDVAFCVLPDGSHYSLAVFLMNSQESDADNAALIARISQAVYNYYLHH
c69,MRSFIVFLCLVPTLLFARQTQLETQLKEAIKGKKAEIGIAVIIDGKDTITVNNDIPYPLMSVFKFHQALALADYMGKQRQSLETRLPIKKSDLKPDTYSPLRDKYPQGGIEMSIADLLKYTLQQSDNNACDILFDYQGGPDAVNKYIHSLGIRECAIAGTETAMHEDLNLCYENWTTPLAAAELVEIFRKKPLFPKVYKDFIFQTMVECQTGQDRLVAPLLDKKVTVGHKTGTGDLNAKGQQIGCNDIGFVLLPGGRTYSIAVFVKDSEENNQANNKIIADISRIVYEYVMQH
c70,MRSFILLLCLIPTIICAQNLSLEDQLKQAIKGKKAEIGIAVIIDGKDTVTVNNDIHYPLMSVFKFHQALALADYMGKQQQSLNFELTIKKEDLKPDTYSPLRDSFPQGGFNIDIADLLNYTLQQSDNNACDILFQYQGGVDTVNQYIHSLGVTDCAIVCTENDMHQDESLCYQNWTTPLAAARLLEIFRKEALFPQEYKDFIYQTMTECQTGQDRLVAPLLGKEVTIGHKTGTGDRNAKGQQVACNDIGFVLLPDGHAYSIAVFVKDSEENNQENSKIIADISRIVYEYVTHQ
c71,MKKLTILFLLISIFCFAQKAELKKEISKITEGKKATVAVSVLGIDFPFQYNNNNAEKKLPMQSVFKYHIALAVLDLVDQGKLSLDQKVFIKKSELLPNTWSPIREKNPEGNFEMPISELIEYSVAMSDNVGCDVLLRLIGGPKVVHDFLIYKGAKDTQIVYNEEIMQSAWKNQYENYTTMKSATRLLKDFYKGKILSKKSTEFLLGVMYRTSTGLNKIVEQLPKSAKVAHKTGSSGKNNAGLTGAENDIAIITLPNGKTYAIAIFVSDSMETWEVNCKMISDISKVVFENLEK
c72,MVNNKSIYPMMSVFKVHQALALCNDFDKKGITLDTLVIINREKLDPNTWSPMMKDYSASVISLTVRDLLRYTLIQSDNNASNLMFNDMVNVAQTDKFIETLIPRSNFQIAYTEEEMSADHHKAYSNYTSPLGAAMLMNRLFTDSLISDEKQNFIKNALMECKTGVDRIVAPLLDKEGVVIAHKTGSGYVNEKGVLAAHNDVAYITLPNNVCYTLAVFVKDFNGNEAQASQYVAHISEVVYSLLK
c73,MKNIFLTLFILLFIFSCNQTKDYDSLEERIVGLLDSEKGEFAVAYKNLSTGETILINENEEFHAASTMKTPVMIEAFKKNNEGLISLDDSILIKNEFKSIVDGSIFKLSSFDDSDKKSYEKIGSYLTLKELIYDMITISSNFATNLVIDYIGTKEINNTMRSLGANNINVLRGVEDIKAFNNGMNNTTTAHDLLKIYENLAKGNIISSDISDEMINILKNQKYDDIIPKYLPKSVEVAHKDGWISGVRHDSGIIFLENNKKYVLVLLSKKLENEIEGADILAKISLEIYNSLL
c74,MNPFIRTLCIGAAVVAASLAHAHDPRWNQPQQPFRIYGNSWYVGTQGLGVILITSPQGHVLIDGTMEENAAQIEANIRALGFRLRDIKLILNSHAHFDHAGAIARLAHDSGAAVAASEAGAKELRSGGNDPDDPQYGMATRYPAVTPVKVIADGAAVRVGSVAITAHYTPGHTPGSTSWTWLSCEKARCVTLAYVDSLTALGHDGFRYSDDPARVARFRRSFATVASLPCDILITPHPDASGFMQKVAARDREHSSAALIDTSACRNYAAAARPRFEARLAKEQQDAREAGQ
c75,MNFSYLLRTVAIAVATFTTFSPSANALEVGTLSKAVQAEEARLGARIGMAVFDAKDRTHWAHRGDERFPLNSTHKSFSCAALLKQVDRRVLALENVISIERASLVTYSPVMEKTGGQVTLREACAASVSWSDNTAANIVTDAIGGPQAFTVFMRDIGDPHTRLDRKEPEMNEATPNDLRDTTTPNAIVESLRRIILGDVLREDSRALLTDWMINDKVADALLRATLPRTWSIADKSGAGGHGSRSIVAVIWPKDRDPVVVGIYITQTSAPMADSNAAIARLGSVLADALGR
c76,MHRRDLLKGTLMGAFALALRPGFAWAASVDDATAQFTELERKHGGRLGVSILDTQSGRRIQHRAGERFLMCSTFKWLAAAAVLARVDSGRERLDRRVVYGKDVLLDYAPVTSKHVGAPGLSVAELCAAAVTLSDNTAANLLLASMGGPTAITAFARSLGDETTRLDRIEPELNLGSPGDIRDTTTPDAMLADLHRVLLGNRLSAGSRDLLLQWLRGCITGLDAIRAGLPANWTASDKTGSGSQGETNDVAIIWPPRRKPLLVSAYYAGSHAEPAERKAVLAAVGRIAASM
c77,MNGSSVGNPELIRRSQEVPTIQDQAMRLLFFSALLLLFGQAQASEWNDSQAVDKLFEAAGMKGTFVLYDVQRQGYVGHDRARAQTRFVPASTYKVAHSLIGLSTGAVKSADEVLPYGGKPQRFKAWEHDMSLREAIRASNVPVYQELARRIGLQRMRANLARMDYGNGEVGQVVDNFWLVGPLEISALEQTRFLARLAQGELPFPEQVQATVRDMTLMEHGPDWELHGKTGWCFDCTPELGWWVGWVKRDERLYTFALNIDMPGGEADIGKRVELGKAALKALGVLP
c78,MLQWEQGLPVNTQNSTDNQIVTISDPVTKTELIRALQKVGVTKNQIIEVHSSLSAFSYVIGGARTVVDALMEAVGEEGTILMPFQSSGNTEPSDWCNPAIVPELYSEIRSSIPSYHPLTSDIHGMGAIVENFVHRPGVQFSGHPNVSYAAWGRYARLLCNRQSTHFPLAEESPTARLYELKGKVLLLGTDFSKVTCMHLAEYRCDARPIQICGACVEGENGPEWKKYLDLEIDSDDFVKIRPVMIRKNMIRETMLSGCHIQFFSANDAVDIATRYFEKSGIYDLYR
c79,MQHFRIALIPFFAAFCLPAFAHPDTLDTVKDAENKLKARVGYTELDLTNGMILEGYRPEERFPMMSTFKVLLCSAVLSRVDSGKEQLDRRIHFDQSDLVTYSPVTEKHLTDGMTVGELCDAAITMSDNTAANLLLSTIGGPQELTIFLRKTGDHVTRLDRWETALNEALPGDERDTTTPKAMAETLHKLLTGKILTVASQQQLMDWMEADKVAGPLLRSALPAGWFIADKSGAGERGSRGIIAALGPDGKPSRIVIIYLTGSQATIEERNKQIAEIGTSLIKHW
c80,MVEQCLAHLRDLGADAASTGTLVHGDLHDENVLADVTGEWVAIAPRALSGDPHWEPAPLLWNRLEEAEGDVRRTVRVRFETVVDAAGLDEDRARAWAVVRLVLNAFWSVRSDRPDPAYVTRMLTVLKAVQS
c81,MKKLIILSVLLLVLSACNNKDSNNSAIDKIEKKYDANVGMYALNTQNGEELSFNEDKRFAYASTLKAVSSAMLLEKVPSNKLDKKIHISKDDIVTYSPVLEKYVDKEITLKKLIEANMLYSDNTANNKVIDELGGYKEVKKRLVDLGDTMTYPSRKEPDLNLYTPKDKRDTTTPLAFGKTLNKLIIDGNLSKSNKDFLMNLMLKNKSGDTLIKDGAPSDFKVMDKSGQAVTYGSRNDVAFIYPKGQDKPIILVIFTNKNNKDAKPNDKIVSEVAEEVLKNISE
c82,MKMSLKTALILASSLQLAVATHVAHADNSHKSVAVENQVKPIYQSEDLVITKLAPNVYQHTSYFKSETWGKVPSNGMVVINNNEAVVVDTPVDDKASYELISWIEKTTKAKINAVVSTHFHEDTLGGTSAFQQKNIPTITSLKTLELAQGKYPALPKFGFENSLRIDVGDSYVEVKFLGEGHTKDNVVAYYPAENVLFGGCLVKELDAKKGNLDDANVKAWSTTIDQVMKTYPNAKIVIPGHGQAGDQTLLHYTKALFMTVSVDTPK
c83,MKFFISITLLLFCCCGMKGQQTDKEAVLCKAKRQSRAGVCVKKGGTESGINATSRFPMYSVMKFPQALYIADYLTKNNIELNAEVSVRKDELMQDTWSPMLNTFEGERSFTYAELLTLSLQQSDNNACDILFEQCGGPRKVEKYIQNLGFKDIRIQKTEKQMHANPALSNKNWCTPQSMVALLDWFIAHHNDNEPLRYIWKLMEECQTGKDRLPAAVPNTAKVVHKTGTGYPLPSGQPSGICDVGIIILDNGQQFPIAVFITNPSSQSKISDVAKQLIEL
c84,MGQQLGAIHSLSVDQCPFERRLSRMFGRAVDVVSRNAVNPDFLPDEDKSTPQLDLLARVERELPVRLDQERTDMVVCHGDPCMPNFMVDPKTLQCTGLIDLGRLGTADRYADLALMIANAEENWAAPDEAERAFAVLFNVLGIEAPDRERLAFYLRLDPLTWG
c85,MRKIVTLVYALIATSCLAQEPISDSTRLPRESIRYGACIMRDGTIVGTNENERFAMHSVMKFPQALCVANYLSRKGLNLDDTIVVKKAYLMQDTWSPMLKLFEDKKAFSYGELLELSLRQSDNNASELLFKFCGKPKVVEKYMRKLGFHDIRVRMTEEQMHKNPEKSIENSSTAAEMVRLFEWFYRHKDDNQYLTFIWKAMADCSTGLKRIPAAIPEDAHIVHKTGTGFPLPEGVQDMNDAGIILMPNGSLAIIAVFTTHSPSEAVIANLARQLLEQ
c86,MPYQEKIIKTVMPAKKLKSILEKYLKPTDSIEVHTSLSAFGYIPGGEQSVVRVLKEVVNQGNIIMAAQTADIGDPIDWEDPPATPEARKEIMENMPAFDKETTPIHYIGKTPEYFRTSKDVKRSNHPLYSMCAWGKDADKIARVRDSYDYPFGLNSPVADLYNLDGKVVMLGTDYESCTSLHLADSTIGRPNLTEKAPIKGEDGKTKWITFKDVDDLDKYDDFNEFGSYFEEKYPDLVVKVPILKGYVRIIPVRPLIDEARKYYTKKDKEMAEEVNK
c87,MSEKLIETIITKNDFKAAFDNLGVKSTDACMVHTAMSKFQYLPGGPKTIVRALEETLSVGTLMMPSQVSTNCDPATWEYPPVRQDLIQVVRDNMPPYDPRTSATEGLGITPEYFRNLPDVVRSTHPYLPVAIWGKNAAEIAARQPLNLPYGINSPLDYLYKNDGKIIFLGTDYETCTMLHYAESTIHRKTETCSAATSIDQDGKTIWTNYQNIDLDSYDDFNELGEAFEKEFPNEVKAQKLGQGIIKVINSKSLIDFARQWFNKKDHQFGNAVD
c88,MSENLIETVVTKNDLKEAFTKLGVKSTDSCMVHTAMSKFQYLPGGAETLVSALEETLSDGTLMMPSQVSTNCDPATWEYPPVRKDLIQIIRDSMPPYNPETSATEGLGLTPEYFRNLPDVIRSSHPYLPIAIWGKNAKEIAQKQPLNMPYGINSPLDYLYQNNGKTIFLGTDYETCTMLHYAESTIHRKTEIDSAATGIDENGKTIWTKYRNVDLDSYDDFNELGAMFEARYPNEFKSLKLSKGIIKVIKLRPLIEFARQWFDQKDHQFGNTID
c89,MRKIIILLNIIILVNFTANCQTKKLNTKEVVKTEFGNILDSLEVNGSILIYDVKNKIYYSNDFSWAKTGVIPASTFKIPNSIIALETGIIKNDSAIFKWNGEKRRFKIWEEDLTFKKAFQVSCVPCYQEIARKVGVKRMKKYLRKLDYKGMVFDTLTIDNFWLEGNSKISQKQQIDFLRKFYFSKFPISDRTIKIVKNIMEIERTENYILSGKTGLSSIEEKYNGWFVGYVETKSNVYFFATNVIPTDGLNVDDFISSRINVTKNALKQMNIMK
c90,MLKIACAEEERFGHVLLNWWDGQGAARVLAHDEQALLMERATGTRSLLQMVERGEDEQATRILCQAIERIHVPRPGPLPELVPLERWFDSLYAAERRYGGLYVDAADAARHLLATAREQRPLHGDIHHGNVLDFGARGWLVIDPKRLYGERGYDYANLFTNPDAKTAQAPGRFERQLDIVVAASGLERHRLLLWILAWAGLSAAWFDEDGSHEETAAELVIARLALDSLFREA
c91,MRKFKTLLALSTVLSLSACQTMTVNNQKSVESTQQQLNNATISSLFEQAKTNGVITIYDGNSYASYGNNVSRANTYYVPASTFKMLNALIGIENGLTTPDEVYKWRGEKRLFPAWEKDMTLTQAMTASAVPVYQELARRIGLNRMQNEVKRIGFGNSNIGNKVDDFWLVGPLKITPQQEAEFAYELANNRLPVSSASQEKVQTMMFNEEVNGNKVYAKSGWGDVEPQVGWLTGWIVKPNGKIVAFSLNMEMRKEIAAKRKEIAYQSLKQLGIL
c92,MRKIVTIVYALVATSCLAQEPISDSTSYGACIMQNGSIVGINEDKPFAMHSVMKFPQALCVADYLNRKGLDLDDTIVVDKADLMQDTWSPMLKRFECKTTFSFAELLELSLGQSDNNASELLFKHCGKPKAVEKYMRKLGFRDIHVRMTEEQMHKRPTKAIENSSTPAEMVRLFEWFYHHKDDNRYLTFIWKAMADCSTGLKRIPAAITADARIVHKTGTGFPSAEGLQDMNDAGIILMLDGSHAIIAVFTTNSSSEAVIANITRQLLDAIIK
c93,MKKIVALFFALVATSCWAQKPVSDSARPSSYGACIIRGGSVSGINKDERFAMHSVMKFPQALYVADYLSRKGLALDDTIVVDKADLMQDTWSPMLKQFERKMAFSYAQLLELSLAQSDNNACELLFKHCGKPKAVEKYIRKLGFYDIHVRMTEEQMHNNPAKAIENSSTPAEMVRLFEWLYYYKDDNQYLTFIWKAMADCSTGLKRIPAAIPADARIVHKTGTGFPSAEGLQDMNDAGIILMPDGSHVIIAVFTTNSPSEAVIADIAKQLLEE
c94,MRKIIILLNIIILVNFTANCQTKKLNTKEVVKTEFGNILDSLEVNGSILIYDVKNKIYYSNDFSWAKTGVIPASTFKIPNSIIALETGIIKNDSAIFKWNGEKRRFKIWEEDLTFKKAFQVSCVPCYQEIARKVGVKRMKKYLRKLDYKGMVFDTLTIDNFWLEGKSKFSQMQQIDFLERLYFSKLPISKKTENIMKDIMQIEKTENYVISGKTGWGMRNEMNNGWLVGYLETNNSVYFFATNVEKQETNMDEFPIIRLNSTKEAFRKLKIIQ
c95,MNDNSFKINDHDGILPPSIEAILGRQNGKTDGLGKSGARVLLFDDYVLKIRPAEGRDIADVQILQWFAGKAPVPQVAAHEVWNGRDWLLMTRIQGKELCKPDIMNQPALLLDCMAEALHILWSIPVCDCPFERTVAGNLSHAEKAIRTGHFDPSDCEPETFGPGGFENPQALLDWLKSHQPTQDRVVTHGDFCLPNLFTDGKKFTGFIDVGNAGAGDRWMDLALGWRSLKHNSDGHYGKIYPNIHPDDLFLAAGIPKDEEKLRYYILLDELN
c96,MTEADLLARTPFPATRDSLAAQLREGGLRPGATVLVHTSLRALGWIAGGPVALIQALLDGVGPDGLVVMPAHSSDLTDPAQWQAPPVPAAWLDTLRAHTPAYDPATTPTRGMGAVAELFRTWPGAVRSQHPTCSFAAVGAGAAAITAGHALEDPLGETSPLAGLLRADADILLLGVGFDVCTMLHLAEQRAWPERPRHAEASPIMENGRRVWKRYTQPALLDADHFLPVGQSLLEQGLATRFALGAGHGLRVSARHAVAHALLRWQGQPVPT
c97,MWPADWRVLHASFVTETAGSTIWRVRLVGAPGTAVAKVLKPAADAADELRGAHYLRWRAGEGAVRLLAEDGLMLLLEDGGVATLESLPDAAAMPVAADVLARLHPPRFAPAPVALQPLHERFSALFERVATPHDAAYAPAATFAQELLNNPHTPVALHGDLHHDNVVHGARGWLAIDPKGVLGDADFDAANWFYNPWGQDALHRQAERIAALAQVLAAPLGCTSAHVLRHAVAYGGLSAAWFAEDGDVANERRTLTTLQAVHAAWRAGGF
c98,MAQDLITTVTTKNDFKQAFTRAHLNASDTVIVHTSLSKFYYVPAGPETVILALKETISKGTIMMPSEVSTNCDPASWGYPPVRSDLMETIRDNMPPYDPITSATEGLGITPEYFRTLPDVVRSNHPYLPIAIWGKNKIQIAKEQPLNLPYGINSPLDYLYKNNGKIVFLGTDYETCTALHYAESTINRPTETWSAATGFDEQGKTTWTDYQNVDLDSYDDFNELGLAFEKQYPECFNQVSLNNSFIKVIEMRPLIDFARDWFKKKDNNI
c99,MFESYLSRWNLVPDGAPITTHAARLLPVRQAGVPAMLKVAVEEDERQGGVLMTWWDGHGAAQVLAHEGDAILLERAMGTRSLAEYARNGRDDEATRILCGVLRELHAPRARPLPPLRPLEEWFVELWPMARARGGILAHSARHARALLDDPRDPVVLHGDVHHDNILDFGARGWLVIDPKRLHGERAFDYANIFCNPDLADPEPPVAIVPGRFERRLGIVLEESGLERRRLLQWVVAWCGLSAAWFMGDGDDAAIDLEIARQALSLLEG
c100,MEKKLILKSDVLNTFEKLGLKSGQVIMVHTSLSSIGYVCGGAQTIIEALIEAVGNDGTIMMPSQSWKNLDPESGVHWEVDVDCWQTIRDNWPPYDKDVTPTNTMGAVAEMFRLWNGTIRSDHPARSVAAFGKYAKYLTQGHDLSNIFGDGSPVGKLYELDAYVLLIGVGYDKNTSLHLADARAEYPGKHLCTEYSAVMENEKRVWKAYDTLYVDGEDFEQIGTAFEENCEVKKATLGNATLRLMKQRELVDFAVGWIEKNRVNNKHQED
c101,MHDAAASLPPQAPAAWADYLSGYRWQAQREGCSAAAVHRLDAARRPTLFVKHEALSEQAELPDEIARLRWLHGAGIDCPQVLNETQGGGRQWLLMSAVAGDTLSALAQRGELEPERLVRLVAAALRRLHDLDPAACPFDHRLERRLESVRRRVEAGLVEETDFDDEHRGRSAVELYRLLLDRRPAVEDLVVTHGDACLPNLLAEGRRFSGFIDCGRLGVADRHQDLALAARDIETDLGAPWAEAFLEAYGGDIDGERLAYFRLLDEFF
c102,MLCILIIIIALASTISVDAENEVAGGCVKKGGTERRINATSRFPMYSVMKFPQALYVADFLTRNDIDLNTEVLVRKEEMLQDTWSPMLSTFEDQRTFTYSELLALSLQQSDNNACDILFERCGGPRAVDKYLRDLGFKDIRIQKTEKQMHDTPALSEQNWCTPQSMVTLLEWFIAHHNDNEPLRYIWKLMAECQTGGDRLPAAVPNSAKVVHKTGTGYPLPSGRPSGICDVGIIILDNGQQLPIAIFIINPSSQSRISDVAKQLLEQ
c103,MLRIIIILFAILSTISVDAQNEALGGYVKKGGTENGINATSRFPMYSVMKFPQALYVADFLTRNNIALNTEVTVRKADLMQDTWSPMLNTFENKKSFTYSELLALSLQQSDNNACDILFEHCGGPKAVEKYIRSLGVKAIRIQKTEKQMHAKPALSSKNWCTPKAMAALLEWFLTHHNDNEALRYICTLMEECQTGKDRLPAAFPSSARVIHKTGTGYPLPSGQPSGICDVGIVILGDGKPFPIAVFISNPSPQSRISDVAKQLLEQ
c104,MTKKKKLPVRFTGQHFTIDKVLIKDAIKQANITQQDTVLDIGAGKGFITVHLLKNVNKVVAIENDLVLYKHLCKRFNNAQNVQVVGCDFRKFTVPLLPFKVVSNIPYGITSDIFRILMFDNVELFLGGSIVLQSEPAKKLVSSKVYNPYTVFYHTFYDLEFLYEISPGSFLSPPTVKSALLKIKRKQSSIDFELKVKYLAFISCLLQKPDLSVRTALKSIFRKSQVRSISEKFGINLNAQIVCLSPSQWKNCFLEMLEVVPEKFHPS
c105,MIKNKLPVRFTGQHFTIDKVLIADAIKIAKINETDTVLDIGAGKGFITVHLVRQCINVIAIENDKSLLCILKNKFANNYNVKIIDCDFRGYTIPKRNFKVVSNIPFRITSDILKSLMFDCVEHFMGGSLIMQLEPAEKLFSEKVFNPYIVFYHTFFDLKLMYEISQESFLPPPKVKSALLRIERRKMHIGYELKGKYLKFITCLLHKPDLPVRTVLKTLFRKNQVRGISEKYGINLNCQIVSLSANQWKCCFMEMLDKVPEKYHPT
c106,MKIIAAYIILVFFTSAAFSESISENLAWNKEFSSESVHGVFVLCKNSSNSCTTNNAARASTAYIPASTFKIPNALIGLETGVIKDERQVFKWDGKPRAMKQWERDLTLRGAIQVSAVPVFQQIAREVGEMRMQKYLNSFSYGNANIGGGIDKFWLEGQLRISAVNQVIFLESLYLNKLPVSRVNQLIVKEALVTEATPEYLVHSKTGFSGLGNESNPGVAWWVGWVEKGTEVYFFAFNMDIDNESKLPSRKSIPTKIMASEGIIGG
c107,MKHFLLLLFLIIPTLLFAQQKEKYGACMIRNDSVSGINEKERFAMHSVMKFPQALYVADYLSRKGLALDDTIVVDKTDLMQDTWSPMLKQFEGKMAFSYAELLELSLGQSDNNACELLFKYCGKPKAVEKYMRKLGFRDIHVRMTEKQMHKNPAKAIKNSSTPAEMVRLFEWFYHHKDDNRYLTFIWKAMIDCSTGLKRIPAAIPAGTRIVHKTGTGFPSPEGVQDMNDAGIILMPDGSYAIIAVFVTHSPSEAVIANIARQLLNK
c108,MTIRIFAIFFSTLIFATFAHAQEGTLERSDWKKFFDDYQAKGTIVVADERQADRILSVFDQARATKRYSPASTFKIPHTLFALDVGAVRDEFQVFRWDGIKRSFAGHNQDQNLRSAMRNSTVWVYELFAREIGEEKAKRYLKQIGYGNADPSTSKGDYWIDGTLEISAYEQISFLRKLYRNELPFRVEHQRLVKDLMITEAGRNWILRAKTGWEGRFGWWVGWVEWPTGAVFFALNIDTPNRMDDLFKREAIVRAILHSIDALPPN
c109,MSAYSRGRHENGQNFLTDSRVIASLLERVGSTSGPLIEIGPGQGALTHPLSCTGRSLTAVEIDPALAGALRRELDDAVTVINEDFLRYRLPAHPHVIVGNIPFHITTSILRRLLRAPGWTDAVLLMQWEVARRRAGVGASTMMTAQWAPWFTFELGERVSREAFTPRPSVDGGVLHIRRRPKMLVPVGKRKAFQALVHAVYTGRGRGIVDIVTQAKIFPSRQATRKWAERSGVHSHQLPSDLSVAQMVSLFQSSGAAPGQRREQRK
c110,MEKPMKKTLITKIAEKLPKNIERFISGAAIYDSSSSPEARVYFVDKGEGYYLKRSELGKLEKEAQMTQYFYSKKLGAEVLDYISNDYDWLLTKAIRGEDCTYSEYLNNPERLCDTIACELRKLHETDYTDCPVMERTSEYLATVEKNYQTGNYDKSAFPDSFGYRSPEEAHQVLESRKDALQEKVLLHGDYCLPNIILDKWKFSGFIDVDSSGVGDRHIDLFWGVWTLWFNLKTNKYRDRFLDAYGRDKVDESLLKVIAAAEVFG
c111,MNRKIPDKILEIVGNQSSYSNNVGMSDSEVLIYPDYVLKIQAESEETKNEKDIVAWLDGQVPVPGIPVYYVEDGTAYTLMTRITGKMLCDEEYLNNPKQLIRCVAEGLRTLWKVDVTKCPFRTSRLEERLKQARWNVENNLVDMENVETETFGEGGFRDPEELICWLEVNRPKEDIVFTHGDFCLPNVFVENNRISGFIDLGKMGPADRWQDIAIALRSLNHNFAGHYNGGKKYFDFTHQMLLEELELDMDYDKFRYYILLDELF
c112,MMVKPITKEEIVNALYSVGLAKGHTVMVHTALSKMGYVCGGAQTVIEALIEVVGEDGTIMMPAQSWKNLDPEDGVHWTVSEEYWQIIRDNWPAYDKRITPTNTMGAVAEAFRQWPGTLRSDHPARSVAAWGKHAEYLVNDHDLSNIFGEGSPIGKLYELNGEVLLIGVGYDKNTSLHLADVRADYPGKHNCIEHSAIMESGKRVWKEYETLFVDGEDFDRIGESFEQSNAVNKAMIGNAELRLMNQKRLVDFAVDWIQKYRDSF
c113,MNNEKISLELNKLIKKYRWIKDTEGMSPAKVYKLVGESENLYLKMTDSRYKGTTYDVEREKDMMLWLKGKLPVPEVLHFEKYEGFNYLLMSEVDGVMCYEEYEIHKDPKKIVELYAECIKCFQSIDISDCPFNNNIDRRLTELDYMLNNNLADVDCENWEKDTPFKEPGELYEFLKNNKPREELVFSHGDLGDSNILVRNNKIRGFIDLGRSGKADKWYDIAFCIRSIREDIGEEKYVKLFFDLLDIEPDWEKIKYYILLDELF
c114,MEKRKLVIPNDIKAAFKEVGVKKGQAIMVHTSLSSLGYVCGGAQSVIEALLESVGEEGTIMMPTQSWKNLDPKIGVYWQEPEEWWDVIRENIPAYDKIVTPTNTMGAVSEMFRQWSGTLRSAHPARSVAARGHYAGYLTENHDLSDIFGDSSPIGRLYELDGYVLLIGVGYDKNTSLHLADVRAEYPGKHTVIESSAIRVDGQRVWKDYETLAVDGEDFLVIGEAFEQTGQVRHVSLGNGILSMMSQRALVDFAVEWIGENRK
c115,MEKRKLVTPDDMKTALKDLGVRKGQAIMVHTSLSSLGYVCGGAQSVIEALLESVGDEGTIMMPTQSWKNLDPASGVYWQEPEEWWPVIREHIPAYDKRITPTNTMGAVSEMFRQWPGTLRSDHPARSVAAWGRYAQYLTENHDLSDIFGDSSPVGRLYALDGFVLLAGVGYDKNTSLHLADVRAEYPGKHTVIESSAVLHDGQRIWKSYETLAVDGEDFSTIGEAFEQTGKVRHAPLGNGMLSMMSQRELVDFAVKWIGENRR
c116,MDKRKLVTPEDIKTALKDVGIRKGQVVMVHTSLSSLGYVCAGAQSVIEALLECVGDEGTIMMPTQSWKNLDPAAGVYWQEPEEWWPVIREYIPAYDKRITPTNTMGAVAEMFRQWPGTLRSDHPARSVAAWGHYAQYLTENHDLSDIFGDSSPVGRLYELDGYVLLAGVGYDKNTSLHLADVRAEYPGKHTIIESSAIKVDGQRIWKSYETLAVDGEDFPAIGEAFEQTGQVRHVPLGNGILSMMSQRALVDFAVEWIGKNRK
c117,MERKIVLKQDILDALLSVGVSKGQTIMVHTSLSSLGFVCGGAQMVIEALIEAVGNEGTIMMPTQSWKNLDPTTGVHWEEPEDWWQLIRDNWPAYNKEITPTNTMGAVAEMFRKWPGALRSDHPARSVAAWGKYAEYLTAAHDLSNIFGDGSPIGKLYELDGLVLLIGVGYDKNTSLHLADVRADYPGKHNSIEHSAVMENGHRVWKRYETLFVDGEDFNEIGTAFENACPIHKASLGNGTIRLMKQRDLVDFAVRWIEENRK
c118,MKKTLITQIPEELPKEIKNFISGSPIYDSSSSPEARVYFVNKDEDYYLKRAKPGKLAKEAKMTQYFYSKRLSAEVLEYTANDHDWLLTKSVKGEDCVYSEYLANPERLCDTIAYELRRLHETDYTDCPVMEKTSEYLATAEKNYQTGNYDKSAFPDSFGYRSAEEAHQVLEAGKDALQDKVLLHGDYCLPNIILDNWKFSGFIDVDCSGVGDRHIDLFWGVWTLWFNLKTNKYRDRFLDAYGRDKVDESLLKVIAAAEVFG
c119,MKKTLITQIPEELPKEIKNFISGSPIYDSSSSPEARVYFIDKDEGYYLKRASLGKLEKEAKMTQYFYSKGLSAEVLDYTANDYDWLLTKAVKGKDCVDSEYLSNPERLCDTIAYELRKLHETDYADCPVMDRTSEYLATAEQNYRTGNYDKSSFPGSFGYRSAEEAHQALEAGKDALQDKVLLHGDYCLPNIILDNWKFSGFIDFDCSGVGDRHIDLFWGVWTLWFNLKTNKYRDRFLDAYGRDRIDESLLRVIAAAEVFG
c120,MKPLILKQDLLAAFHELGMHEGMTVMAHTSLSSMGYVCGGAPTVIEALLETVGKEGTIMMPTQSWKNLDPDVGVHPEVSETDWQIIRDYWPAYDKRTTPTQTMGVVAELYRQWPGTLRSDHPARSVSANGKMAGFLTGHHDLSNIFGDGSPIGRLYDIDGYVLLIGVGYDKNTSLHLADARAEYKSKHTTIEHSAIMENGCRVWKAYETLYVDGKDFTQIGEAFEQTHPVAKVRLGNAVLRLMSQRQLVDFAVRWIEAHRD
c121,MKPLILKEDILAAFRELGIRQGMTVMTHTSLSSLGYVCGGAQTVIEALLETVTREGTIVMPTQSWKNLDPDVGVHSEISEADWQRLRDHWPAYDKRLTPTQTMGTVAEMFRQWPGTLRSDHPARSVAANGRHARRLTKSHDLQNIFGDGSPIGRLYNLDAYVLLIGVGYDKNTSLHLADARANYPGKHNSLEHSAVYESGKRVWKAYETLYVDGHDFVQIGEAFEQTHTVRKVTLGNATLRLMRQRELVDFAVNWIERFRL
c122,MKTIIKSDIVSALKSVGLQNGDSVMVHTSLGQIGYVCGGAQTIIEALIDVVGQNGTIMMPTQSWKNLDPETGVHWDADEADWDTIRENWPAYDKVITPTNTMGAVAEMFRSWPGTLRSDHPARSVAAWGKNAKYLTENHDLSNIFGDSSPIGRLYKLDGKVLLIGVDYDKNTSIHLADARAEYSSKHTCIEHSAVMENGVRVWKAYETLYVDGEDFKDIGRAFEVAYTTCKVKVGNADIKLMNQRELVDFAVSWIECNRK
c123,MKTVVKSEIADALRTIGLERGDSVIVHTSLGKIGYVCGGAQVVIEALIETVGEEGTIMMPTQSWKNLDPETGVHWDADKTDWDRIRENWPAYNKAITPTNTMGAVAEMFRSWPGAVRSDHPSRSFAAWGRNAEYLTKNHDLSDIFGDTSPIGKLYDLDGKILLIGVDYDKNTSIHLADVRAEYRGKHTCVEHSAVMENGKRVWKAYETLFVDGEDFKDIGIAFEALHTVNTATLGETELKIMRQRELVDFAIEWIEKYRQ
c124,MKPITKKEMKEAFAQIGLRAGTVVMVHTSLSAIGYVCGGAQTVIEALTETVGPEGTIMMPTQSWKNLDPEDGVHWTVAEEDWQIIRNNWPAYDKRITPTNTMGAVAEMFRSWPGVIRSDHPARSVAAWGKNAEYLVSNHNLSNIFGDGSPIGKLYELDGSVLLIGVGYDKNTSLHLADVRASYPGKHNCIEHSAIMENGNRIWKAYETLFVDGEDFQEIGTAFEKEYEVKTGMLGGATLRLMRQRDLVDYAVGWIEKNRQ
c125,MYLPDRIRKKVNKLAYGINSVGMSGASVLCYDDMVLKIGRDTEDHERSKAMLSYLEGKLPAPRIIEECEENGICYMLMTRIKGKMACAGEYIDNAAELLPILADGIKLLWRVDTHGCPQQNMLDTKLAHARRSVELGLCDEDNVQPGTYGPDGFSSPKELYAWLAANRPDEERAFSHGDLCLPNVFIDGGRISGFIDLGWAGVTDIYQDIALCYMSLVNNRDGKYGMAHPYFDAGALFSLLDIEPDRDKLYYYTMLDELF
c126,MYFKIKMILLAIFSINLFANDLEIEKIFKNKEVEGTMVIESLNQNKSYIYNKQRAETFLSPASSFKIPHTLIALNEGLVTVDSVINWDKNIGLVESCNANQTLKSSFKNSCIWVYQVFASTIDSSKYKNYLEQMDYGNKVVGNDVKKFWLDESLKINAFEQINFLKKLHKNNLPFKQNDIDALKNIMIDEKTSNYTIRSKTGWEGRYGWYVGYVETKDDVWFFAMNIDTKSKDDLPKRKTITLETLRLKGIIN
c127,MIDEKNENYTIRSKTGWEGRYGWYVGYVETKDDIWFFAMNIDTKSKDDLPKRKTITLETLRLKGIIN
c128,MPRASKQQARYAVGRCLMLWSSNDVTQQGSRPKTKLGKWWGGEEARPTLAEVQEQYLPSALARESVTPYIAMLDEEPIGYAQSYVALGSGGGWWEDETDPGVRGIDQSLANPSQLGKGLGTKLVRALVEMLFKDAKVTNIQTDPSPNNLRAIRCYEKAGFVTQRTITTPDGPAVYMVQTRQAFEQARSAA
c129,MEPFTLREGPVAVRPLRPQDAPLLLTWMRNPQVLAFYGGRDMAYTPEKIQEDFYAPEEGARRCLVEFEGAPVGYIQIYQLDAQLCQEYHYPYQPGELLFGIDQFIGEPALWGKQIGRRFLALVLRRLTQEEGAAAVILDPHANNPRALRCYEACGFRKVKFLPQHELHEGVWEDCWLMEYRPGAPR
c130,MFKWLTDKRVLEYYEGRDVRFTMDTLSAHFLEEIPDGFRMIIEYKKSPIGYAQAYQLSGELFDEYDYPDDGHIVFAMDQFIGEPKYWSKGIGSSFLKMMASHLKENMAAERVLLDPHQDNKRAIRAYEKAGFKIIKSLPKHEMFEGEKVDCWLMELAL
c131,MLRSSNDVTQQGSRPKTKLGGSSMGIIRTCRLGPDQVKSMRAALDLFGREFGDVATYSQHQPDSDYLGNLLRSKTFIALAAFDQEAVVGALAAYVLPKFEQARSEIYIYDLAVSGEHRRQGIATALINLLKHEANALGAYVVPHLVQRSNRQNRAEGCRCRLGNGAPAGPVSARHT
c132,MVRIAINGDSRVLAEMAVQMWDSHTVDELEAEFVETLNDKQSAFFIKYINDLPVGFAQCGLRTDYVEGTESSPVGYLEGIFVKEEYRKNGYAKELLIACEIWAKESGCSEFASDCEIDNMDSFKFHMAMGFDEANRIICFKKIL
c133,MIATDKYIEVMVPLIVQLWPDNTKDEAIEIIEEYLYGEETGAFVHFVDNQCVGLALCSLRHDYVEGCKSSPVGYLEGIVVDAQFRKHGIARALCAECEQWAKDKGCKEFASDCEITNEDSFRFHLNIGFDEENRIICFKKEI
c134,MMDSQIQSLPEAIRKYIEGREYTIDDMGKSGSKVLIFEDMVLKITDKPCDDKDAVEMMRWLEGKIPAPQVIVFEEDDSYSYLLMTKVRGKVACDKYYLERPKELVPLLSKSIKMLQSIDITDCPVVKNVDRELKKAAYRVKNGLVDISDAEPDTFGENGRFRDPEELLSWLQENRPPYEPVLSHGDLCLPNILIEKGNISGFIDMGNCGIADKWEDIAILYRSLRHNFDGTYGKIYPGLEPDSFFEELGIEPDREKIDYYILLDELF
